comment_text,target
"Problem Salam, mÉ™n bilÉ™cÉ™ri dairÉ™si adlanan É™razidÉ™ yaÅŸayÄ±ram. SÉ™hÉ™r xÉ™ritÉ™dÉ™ baxÄ±ram Ã§ox yaxÄ±nda Bolt taksilÉ™r dayanÄ±b. Lakin sifariÅŸ verÉ™ndÉ™n sonra taksi Memar É™cÉ™midÉ™n yaxud mÉ™nÉ™ Ã§ox uzaq É™razidÉ™n sifariÅŸi qÉ™bul edir. hÉ™r gÃ¼n bu problemi yaÅŸayÄ±ram. HÉ™m sÃ¼rÃ¼cÃ¼ yanacaq sÉ™rfiyatÄ±nda uduzur hÉ™m mÃ¼ÅŸtÉ™ri vaxt problemi yaÅŸayÄ±r. XahiÅŸ edirÉ™m artÄ±q bu problemÉ™ bir hÉ™ll yolu tapÄ±n. TÉ™ÅŸÉ™kkÃ¼rlÉ™r",1
Useless app Drivers are irresponsible. Most of them dont move to the  order destination and even dont cancel in such cases. It repeats often. App is useless if drivers dont work normally.,1
ğŸ‘ ğŸ‘,0
"Berbad Kobud suruculer,dehlisiz kartdan pul cixmalar ve ishdemeyen support funksiyasi.Berbad!",1
Nice app There is no indicator for north in map.. it is confusing a lot. It is not possible to choose multiple points for station while requesting taxi. Please consider all this on new versions. Thanks,0
"Ğ•ÑÑ‚ÑŒ ĞºĞ¾ÑÑĞºĞ¸ Ğ±ĞµĞ· Ğ½Ğ¸Ñ… Ğ½Ğµ ĞºĞ°Ğº... ĞĞ°Ğ´ĞµÑÑÑŒ Ğ´Ğ¾Ğ±Ğ°Ğ²Ğ¸Ñ‚Ğµ Ñ„ÑƒĞ½ĞºÑ†Ğ¸Ñ Ñ‡Ñ‚Ğ¾Ğ± Ğ²Ñ‹Ğ±Ñ€Ğ°Ñ‚ÑŒ Ğ´Ğ²Ğ° Ğ°Ğ´Ñ€ĞµÑĞ° ĞºÑƒĞ´Ğ° ĞµÑ…Ğ°Ñ‚ÑŒ., Ğ±Ñ‹Ğ²Ğ°ĞµÑ‚ Ğ¾Ñ‡ĞµĞ½ÑŒ Ğ½ÑƒĞ¶Ğ½Ğ¾. Ğ Ñ‚Ğ°Ğº Ğ¿Ñ€Ğ¾Ğ³Ñ€Ğ°Ğ¼Ğ¼Ğ° Ñ…Ğ¾Ñ€Ğ¾ÑˆĞ°Ñ Ğ¼Ğ½Ğµ Ğ½Ñ€Ğ°Ğ²Ğ¸Ñ‚ÑŒÑÑ, Ğ´Ğ¾Ğ²Ğ¾Ğ»ĞµĞ½.",0
donâ€™t download! why bolt without motive money from my card taking?!!!!!!!!!!!!!!!!!! answerr! nie menim kartimnan bosu bosuna odenisler cixir?! yuklemeyin bu tetbiqi!! elaqe nomresi bele tapmaq olmurki yeyilen haqqimi geri qaytarim!!!!!,1
TÃ¶vsiye SÄ±qaret cekÄ±lesÄ± mumkun olsa yaxwÄ± olar,0
Etik olmayan unvan Salam.Men Bakixanov qesebesinde yerleshen Serham markete getmek isteyirdim xeritede unvani axtararken Serham marketin yaninda â€œEssey marketâ€ yazilmishdi xahish edirik bu meseleni hell edesiz.,1
"Ğ•Ñ‰Ğµ Ğ½ĞµĞ¼Ğ½Ğ¾Ğ³Ğ¾ Ğ¸ ÑƒĞ´Ğ°Ğ»ÑÑÑŒ 3-Ğ¹ Ğ³Ğ¾Ğ´ Ğ¿Ğ¾Ğ»ÑŒĞ·ÑƒÑÑÑŒ Ğ¿Ñ€Ğ¾Ğ³Ñ€Ğ°Ğ¼Ğ¼Ğ¾Ğ¹, Ğ²ÑĞµ Ğ±Ñ‹Ğ»Ğ¾ Ñ…Ğ¾Ñ€Ğ¾ÑˆĞ¾, Ğ½Ğ¾ Ğ² Ğ¿Ğ¾ÑĞ»ĞµĞ´Ğ½ĞµĞµ Ğ²Ñ€ĞµĞ¼Ñ Ğ½Ğµ Ğ²Ğ¾Ğ·Ğ¼Ğ¾Ğ¶Ğ½Ğ¾ Ğ±ĞµĞ· Ğ½ĞµÑ€Ğ²Ğ¾Ğ² Ğ·Ğ°ĞºĞ°Ğ·Ğ°Ñ‚ÑŒ Ñ‚Ğ°ĞºÑĞ¸, Ğ²Ğ¾Ğ´Ğ¸Ñ‚ĞµĞ»Ğ¸ Ğ²Ğ¾Ğ¾Ğ±Ñ‰Ğµ Ğ¾Ğ±Ğ½Ğ°Ğ³Ğ»ĞµĞ»Ğ¸, Ğ¶Ğ´ĞµÑˆÑŒ Ğ¸Ñ… Ğ¶Ğ´ĞµÑˆÑŒ Ğ° Ğ¾Ğ½Ğ¸ Ğ¾Ñ‚Ğ¼ĞµĞ½ÑÑÑ‚ Ğ·Ğ°ĞºĞ°Ğ· Ğ¿Ğ¾ÑĞ»Ğµ Ğ´Ğ»Ğ¸Ñ‚ĞµĞ»ÑŒĞ½Ğ¾Ğ³Ğ¾ Ğ¾Ğ¶Ğ¸Ğ´Ğ°Ğ½Ğ¸Ñ, ĞºĞ°Ñ€Ğ¾Ñ‡Ğµ Ğ²ÑĞµ ĞºĞ°Ğº Ğ²ÑĞµĞ³Ğ´Ğ° Ğ² ĞĞ·ĞµÑ€Ğ±Ğ°Ğ¹Ğ´Ğ¶Ğ°Ğ½Ğµ , Ğ²ÑĞµ Ğ½Ğ°Ğ³Ğ»ĞµÑÑ‚ Ğ¸ Ğ½Ğµ Ğ¾Ğ±Ñ€Ğ°Ñ‰Ğ°ÑÑ‚ Ğ²Ğ½Ğ¸Ğ¼Ğ°Ğ½Ğ¸Ğµ Ğ½Ğ° ĞºĞ»Ğ¸ĞµĞ½Ñ‚Ğ¾Ğ²!",1
"Xidmet 0 O gun sifarish vermish 10 deygedi gozleyirem surucu ( gotu poxlu gede)  sifarishi gebul edib, Amma Gelmir. Zeng vurmusham hardasan, gelirsen? Deyir ishim var otmenit ele sifarishi chox kobud danishir ozde gede.Bele atasi bilinmeyen cindirlari ishe gebul edendi gunah, teki pul olsun. Seviyyeniz 0!!! Surucu sechimine diqqetle yanashin, caamatin ailelisi de istifade edir bu xidmetden!!!",1
ğŸ‘ğŸ»ğŸ‘ğŸ»ğŸ‘ğŸ»ğŸ‘ğŸ» ğŸ™‚ğŸ‘ğŸ»ğŸ‘ğŸ»ğŸ‘ğŸ»ğŸ‘ğŸ»,0
Raziyam Cox unsiyyetcil mehriban ve gozel masin surme qabiliyyeti,0
ğŸ‘ğŸ‘ğŸ‘ â­ï¸â­ï¸â­ï¸â­ï¸â­ï¸,0
bu gun taxyfile meni qane ustumde o qeder pul yox idi mebur qalÄ±b borc aldÄ±m qiymet meni qane etmedÄ± 7.50 yazÄ±lmÄ±sdÄ± unvana catanda halbuki 13.40 m Ã¶dedim((,1
"Bolt Great service, fast pick ups and low prices",0
Super Super beyendim. bele qalin.!,0
I like this app It is so good they all good taxi 's,0
Salam Men niye bloklanmiwam ????,1
"Bolt Sizin sÃ¼rÃ¼cÃ¼lÉ™rin kobudluÄŸundan boÄŸaza yÄ±ÄŸÄ±lmÄ±ÅŸam! Normal nÉ™ danÄ±ÅŸa bilirlÉ™r nÉ™, nÉ™ dÉ™ yol tanÄ±yÄ±rlar! KeÃ§É™n dÉ™fÉ™ gÉ™lmiÅŸÉ™m deyir ki, lÉ™ÄŸv elÉ™miÅŸÉ™m sifariÅŸi durub hÉ™lÉ™ bunu demÉ™yÉ™ gÃ¶zlÉ™yir kobud ÅŸÉ™kildÉ™! Sizi heÃ§ bÉ™yÉ™nmirdim silmiÅŸdim , yenÉ™ silÉ™cÉ™m! SadÉ™cÉ™ biabÄ±rÃ§Ä±lÄ±qdÄ±! ÃœmumiyyÉ™tlÉ™ sizin sÃ¼rÃ¼clÉ™rÉ™ xÃ¼susi Ã¼nsiyyÉ™tlÉ™ baÄŸlÄ± tÉ™lim vermÉ™k lazÄ±mdÄ±!",1
Cox gozel tam vaxtinda gelir Cox gozel tam vaxtinda gelir,0
Increased prices Prices are increased majority of time. Not competitive,1
"Ğ¡Ğ»ÑƒĞ¶Ğ±Ğ° Ğ¿Ğ¾Ğ´Ğ´ĞµÑ€Ğ¶ĞºĞ¸ Ğ’ Ğ¿Ñ€Ğ¸Ğ»Ğ¾Ğ¶ĞµĞ½Ğ¸Ğ¸ Ğ¾Ñ‡ĞµĞ½ÑŒ Ğ½Ğµ ÑƒĞ´Ğ¾Ğ±Ğ½Ğ¾Ğµ Ğ¼ĞµĞ½Ñ, Ğ¾ÑĞ¾Ğ±ĞµĞ½Ğ½Ğ¾ ĞºĞ¾Ğ³Ğ´Ğ° Ñ…Ğ¾Ñ‡ĞµÑˆÑŒ ÑĞ²ÑĞ·Ğ°Ñ‚ÑŒÑÑ Ñ ÑĞ»ÑƒĞ¶Ğ±Ğ¾Ğ¹ Ğ¿Ğ¾Ğ´Ğ´ĞµÑ€Ğ¶ĞºĞ¸. Ğ˜ ÑĞ°Ğ¼ ÑĞµÑ€Ğ²Ğ¸Ñ Ğ½Ğ° Ğ´Ğ¾Ğ½Ğ½Ğ¾Ğ¼ ÑƒÑ€Ğ¾Ğ²Ğ½Ğµ.",1
"ĞŸÑ€ĞµĞ´Ğ»Ğ¾Ğ¶ĞµĞ½Ğ¸Ğµ Ğ£Ğ². Ğ Ğ°Ğ·Ñ€Ğ°Ğ±Ñ‹.  ĞŸĞ¾Ñ‡ĞµĞ¼Ñƒ Ğ¿Ğ¾ÑĞ»Ğµ Ğ¿Ğ¾ĞµĞ·Ğ´ĞºĞ¸ Ñ Ñ…Ğ¾Ñ‡Ñƒ Ğ·Ğ°Ğ¹Ñ‚Ğ¸ Ğ¸ Ğ´Ğ¾Ğ¿ÑƒÑÑ‚Ğ¸Ğ¼ Ğ¾ÑÑ‚Ğ°Ğ²Ğ¸Ñ‚ÑŒ Ñ…Ğ²Ğ°Ğ»ĞµĞ±Ğ½Ñ‹Ğ¹ Ğ¾Ñ‚Ğ·Ñ‹Ğ² Ğ¾ Ğ²Ğ¾Ğ´Ğ¸Ñ‚ĞµĞ»Ğµ. Ğ Ğ¼Ğ½Ğµ Ğ½Ğ° Ğ²Ñ‹Ğ±Ğ¾Ñ€ Ğ²Ğ¼ĞµÑÑ‚Ğ¾ Ñ…Ğ²Ğ°Ğ»ĞµĞ±Ğ½Ñ‹ Ñ‚Ğ¾Ğ»ÑŒĞºĞ¾ Ğ²Ğ°Ñ€Ğ¸Ğ°Ğ½Ñ‚Ñ‹ Ñ‚Ğ¾Ğ³Ğ¾ Ñ‡Ñ‚Ğ¾ Ğ’Ğ¾Ğ´Ğ¸Ñ‚ĞµĞ»ÑŒ Ğ½Ğ°ĞºĞ¾ÑÑÑ‡Ğ¸Ğ».  Ğ˜Ğ»Ğ¸ Ğ²Ñ‹ Ñ‚Ğ°Ğº Ğ½Ğµ ÑƒĞ²ĞµÑ€ĞµĞ½Ñ‹ Ğ² Ğ²Ğ°ÑˆĞ¸Ñ… Ğ²Ğ¾Ğ´Ğ¸Ñ‚ĞµĞ»ÑÑ… , Ñ‡Ñ‚Ğ¾ Ğ¾Ğ½Ğ¸ Ğ¿Ğ¾ Ğ²Ğ°ÑˆĞµĞ¼Ñƒ Ğ¼Ğ½ĞµĞ½Ğ¸Ñ Ñ‚Ğ¾Ğ»ÑŒĞºĞ¾ ĞºĞ¾ÑÑÑ‡Ğ¸Ñ‚ÑŒ Ğ¼Ğ¾Ğ³ÑƒÑ‚.  Ğ›Ğ¸Ğ±Ğ¾ Ğ²Ñ‹ ÑƒĞ¿ÑƒÑÑ‚Ğ¸Ğ»Ğ¸ Ñ‚Ğ°ĞºĞ¾Ğµ Ğ²Ğ°Ğ¶Ğ½Ğ¾Ğµ Ğ´ĞµĞ»Ğ¾ ĞºĞ°Ğº - Ğ¿Ğ¾Ñ…Ğ²Ğ°Ğ»Ğ° Ğ´Ğ»Ñ Ñ€Ğ°Ğ±Ğ¾Ñ‚Ğ½Ğ¸ĞºĞ°.  Ğ”Ğ¾Ğ±Ğ°Ğ²ÑŒÑ‚Ğµ Ğ¿Ğ¾Ğ¶Ğ°Ğ»ÑƒĞ¹ÑÑ‚Ğ° ÑÑ‚Ñƒ ÑƒÑĞ»ÑƒĞ³Ñƒ. Ğ¡Ğ¿Ğ°ÑĞ¸Ğ±Ğ¾",0
Unlike NaÄŸdsÄ±z Ã¶dÉ™niÅŸÉ™ keÃ§É™nÉ™ qÉ™dÉ™r yaxÅŸÄ± idi. Ä°ndi naÄŸdsÄ±z Ã¶dÉ™niÅŸ edirÉ™m sÃ¼rÃ¼cÃ¼lÉ™r deyinir hÉ™tta imkanlarÄ± olsa aparmazlar.,1
ğŸ‘ğŸ¼ 9933den canimizi gurtardiginiz ucun teshekkur edirem) axir ki normal ishleye bilen taksi shirketi tapa bildikğŸ¥³,0
"Fake first use promotion code I got a promo code for first time use with a single payment option over credit card Only, then they charged my card , while itâ€™s showing â€œzeroâ€ cost in my trips history ! As well as no body answering if you claim it ?! 

Im an old user for uber in many cities around the world , at least when i get a problem they will answer me and reply..",1
ğŸ‘Œ Ela,0
"Keyfiyyetsiz suruculer Salam, men umumiyyetle nagd odenishden istifade etmirem deye taxify ve uber kimi taxi xidmetlerinden istufade edirdim.
25,05,2019 tarixinde odemishi kartla secmisdim surucunun biri yolun ortasinda dedi ki unvan bura dusurtdu, diger surucu ise kartla odenish secildiyine yuksek narazligin bildirdi. Zehmet olmasa adinizin qorunmasi ucun xidmeti icra eden suruculeri en azindan secerdiniz. Yox eger kartla odenish yoxdursa legv edin ishimizi bilek!!!!!!!!
Xusuen Opel Astra surucusu Eziz 90EB387 bu surucu ile bagli tedbir gormeyiniz xahish olunur!!!",1
Good Balam,0
"Ã–dÉ™niÅŸ zamanÄ± fÄ±rÄ±ldaqÃ§Ä±lÄ±q SÃ¼rÃ¼cÃ¼lÉ™riviz adamÄ± beyinsiz yerinÉ™ qoyurlar. YazÄ±lan qiymÉ™ti Ã§Ä±xmÄ±rlar, qayÄ±dÄ±b sÃ¶z dÉ™ demÉ™yÉ™ utanÄ±rsan. Bu vaxta qÉ™dÉ™r gÃ¶rmÉ™dimki 2.40 yazÄ±lan zaman elÉ™ 2.40 Ã§Ä±xsÄ±nlar. ÆgÉ™r elÉ™ niyyÉ™tiviz varsa day 3.00 yazÄ±n bilÉ™y dÉ™É™ iÅŸimizi. SÃ¶bÉ™t puldan gedmir, insanlarÄ± barmaÄŸÄ±vÄ±za dolamaÄŸdan gedir. Saolun",1
"MÃ¼ÅŸtÉ™rilÉ™r Ã¼Ã§Ã¼n BakÄ±da bir Ã§ox taksi xidmÉ™ti mÃ¶vcuddur, lakin BOLT Taksi kimisi yoxdu. AvtomobillÉ™r yeni, tÉ™mizlik vÉ™ gigiyena qaydalarÄ±na riayÉ™t edirlÉ™r, getdiyiniz Ã¼nvana qÉ™dÉ™r olan mÉ™safÉ™ km hesablamasÄ± ucuz , getdiyimiz Ã¼nvana tÄ±xaca dÃ¼ÅŸmÉ™dÉ™n Ã§atÄ±rÄ±q rahatÃ§Ä±lÄ±qla.  Bir sÃ¶znÉ™n É™la BOLT Taksi ğŸ˜ğŸ‘ğŸ»ğŸ‘ğŸ»",0
Ela Qeseng,0
Eladi Eladi superdi,0
"Very bad service When i used this application as Taxify I experienced many problems such as misconduct of driver ,charges for unused rides .When i wrote they did not give it back.A week ago i downloaded again Bolt version. But today i experienced problem again.The driver talked impolitely.And i was charged for the unused ride.",1
"Great app Really great app, easy to use, would be very glad if you add pickup time functionality",0
"Ğ§Ñ‚Ğ¾ Ñ Ğ²Ğ°Ğ¼Ğ¸? Ğ£Ğ¶Ğ°ÑĞ½Ğ°Ñ ÑĞ»ÑƒĞ¶Ğ±Ğ° Ğ¿Ğ¾Ğ´Ğ´ĞµÑ€Ğ¶ĞºĞ¸! ĞĞ±ÑĞ¾Ğ»ÑÑ‚Ğ½Ğ¾ Ğ½ĞµĞºĞ¾Ğ¼Ğ¿ĞµÑ‚ĞµĞ½Ñ‚Ğ½Ñ‹Ğµ Ğ´ĞµĞ²Ğ¾Ñ‡ĞºĞ¸.
 Ğ¢Ğ¾ ÑĞ¿Ğ¸ÑÑ‹Ğ²Ğ°ÑÑ‚ Ğ·Ğ° Ğ¾Ğ´Ğ½Ñƒ Ğ¿Ğ¾ĞµĞ·Ğ´ĞºÑƒ Ñ Ğ´Ğ²ÑƒÑ… ĞºĞ°Ñ€Ñ‚, Ñ‚Ğ¾ Ğ²Ğ¾Ğ´Ğ¸Ñ‚ĞµĞ»Ğ¸ ĞµĞ´ÑƒÑ‚ Ğ¿Ğ¾ Ğ¼Ğ°Ñ€ÑˆÑ€ÑƒÑ‚Ñƒ Â«ÑĞºÑĞºÑƒÑ€ÑĞ¸Ñ Ğ¿Ğ¾ Ğ³Ğ¾Ñ€Ğ¾Ğ´ÑƒÂ» , Ñ‚Ğ¾ Ğ½Ğµ Ğ·Ğ°Ğ²ĞµÑ€ÑˆĞ°ÑÑ‚ Ğ¿Ğ¾ĞµĞ·Ğ´ĞºĞ¸ ÑĞ²Ğ¾ĞµĞ²Ñ€ĞµĞ¼ĞµĞ½Ğ½Ğ¾. ĞŸĞ¾ÑĞ»Ğµ ÑĞ¼ĞµĞ½Ñ‹ Ğ½Ğ°Ğ·Ğ²Ğ°Ğ½Ğ¸Ñ ÑĞ»ÑƒĞ¶Ğ±Ğ° ÑĞ¾Ğ²ĞµÑ€ÑˆĞµĞ½Ğ½Ğ¾ Ğ¸ÑĞ¿Ğ¾Ñ€Ñ‚Ğ¸Ğ»Ğ°ÑÑŒ.",0
"Ğ¡Ñ‡Ñ‘Ñ‚ Ğ¿Ğ¾ÑĞ»Ğµ Ğ¿Ğ¾ĞµĞ·Ğ´ĞºĞ¸ Ğ²Ñ‹Ñ€Ğ¾Ñ Ğ½Ğ° 1 Ğ¼Ğ°Ğ½Ğ°Ñ‚! Ğ¡Ñ‡Ñ‘Ñ‚ Ğ¿Ğ¾ÑĞ»Ğµ Ğ¿Ğ¾ĞµĞ·Ğ´ĞºĞ¸ Ğ²Ñ‹Ñ€Ğ¾Ñ Ğ½Ğ° 1 Ğ¼Ğ°Ğ½Ğ°Ñ‚! Ğ­Ñ‚Ğ¾ Ñ‡Ñ‚Ğ¾, Ñ€Ğ°Ğ·Ğ²Ğ¾Ğ´ Ñ‚Ğ°ĞºĞ¾Ğ¹???? ĞŸÑ€Ğ¸ Ğ·Ğ°ĞºĞ°Ğ·Ğµ Ğ¿Ğ¾ĞºĞ°Ğ·Ñ‹Ğ²Ğ°Ğ» 2.43, Ğ¿Ğ¾ÑĞ»Ğµ Ğ¿Ğ¾ĞµĞ·Ğ´ĞºĞ¸ 3.43!!! ĞÑ‡ĞµĞ½ÑŒ Ñ€Ğ°Ğ·Ğ¾Ñ‡Ğ°Ñ€Ğ¾Ğ²Ğ°Ğ½!!! ĞĞµ Ñ€ĞµĞºĞ¾Ğ¼ĞµĞ½Ğ´ÑƒÑ!",1
ğŸ‘ ğŸ‘ğŸ‘ğŸ‘,0
Ğ“Ğ°Ğ²Ğ½Ğ¾ Ğ¢Ğ°ĞºÑĞ¸Ñ„Ğ°Ğ¹ Ğ¿Ñ€Ğ¾ÑÑ‚Ğ¾ Ğ³Ğ°Ğ²Ğ½Ğ¾. ĞĞµ Ñ€ĞµĞºĞ¾Ğ¼ĞµĞ½Ğ´ÑƒÑ!!!! ĞŸĞ¾Ğ»Ğ½Ñ‹Ğ¹ Ğ¾Ñ‚ÑÑ‚Ğ¾Ğ¹,1
"ĞĞµĞ¼Ğ½Ğ¾Ğ³Ğ¾ Ğ¾ ÑĞµÑ€Ğ²Ğ¸ÑĞµ Ğ’Ğ¾Ğ¾Ğ±Ñ‰Ğµ Ğ¾Ñ‡ĞµĞ½ÑŒ ÑƒĞ´Ğ¾Ğ±Ğ½Ğ¾ Ğ·Ğ°Ğ¿ÑƒÑĞºĞ°Ñ‚ÑŒ ÑĞµÑ€Ğ²Ğ¸Ñ Ğ¸ Ğ·Ğ°Ñ€Ğ°Ğ±Ğ°Ñ‚Ñ‹Ğ²Ğ°Ñ‚ÑŒ. Ğ ĞºĞ¾Ğ³Ğ´Ğ° Ğ²Ğ°ÑˆĞ¸ Ğ²Ğ¾Ğ´Ğ¸Ñ‚ĞµĞ»Ğ¸ Ğ·Ğ°Ğ½Ğ¸Ğ¼Ğ°ÑÑ‚ÑÑ Ğ¼Ğ¾ÑˆĞµĞ½Ğ½Ğ¸Ñ‡ĞµÑÑ‚Ğ²Ğ¾Ğ¼, Ñƒ Ğ²Ğ°Ñ Ğ´Ğ°Ğ¶Ğµ Ğ½ĞµÑ‚ Ğ½Ğ¸Ğ³Ğ´Ğµ Ğ½Ğ¾Ğ¼ĞµÑ€Ğ° Ğ´Ğ¸ÑĞ¿ĞµÑ‚Ñ‡ĞµÑ€Ğ°. ĞšĞ¾Ğ½ĞµÑ‡Ğ½Ğ¾, Ğ²Ğ°Ğ¼ ÑÑ‚Ğ¾ Ğ½Ğµ Ğ½ÑƒĞ¶Ğ½Ğ¾. Ğ”Ğ¾ÑÑ‚Ğ°Ñ‚Ğ¾Ñ‡Ğ½Ğ¾ Ğ½Ğ°Ğ¿Ğ¸ÑĞ°Ñ‚ÑŒ Ğ²Ğ°Ğ¼ Ğ¸ Ğ²Ñ‹ Ğ¾Ñ‚Ğ²ĞµÑ‚Ğ¸Ñ‚Ğµ Ñ‡ĞµÑ€ĞµĞ· Ğ¿Ğ°Ñ€Ñƒ Ğ´Ğ½ĞµĞ¹, Ñ‡Ñ‚Ğ¾-Ñ‚Ğ¾ Ğ²Ñ€Ğ¾Ğ´Ğµ: Â«Ğ¼Ñ‹ Ğ¿Ñ€Ğ¾Ğ²ĞµĞ»Ğ¸ Ğ±ĞµÑĞµĞ´Ñƒ Ñ Ğ²Ğ¾Ğ´Ğ¸Ñ‚ĞµĞ»ĞµĞ¼ Ğ±Ğ»Ğ° Ğ±Ğ»Ğ° Ğ±Ğ»Ğ°Â». Ğ£Ğ¶Ğµ Ğ² Ñ‚Ñ€ĞµÑ‚Ğ¸Ğ¹ Ñ€Ğ°Ğ· ÑĞ½Ğ¸Ğ¼Ğ°ÑÑ‚ Ğ´ĞµĞ½ÑŒĞ³Ğ¸ Ñ ĞºĞ°Ñ€Ñ‚Ñ‹, Ğ·Ğ° Ğ½Ğµ ÑĞ¾ÑÑ‚Ğ¾ÑĞ²ÑˆĞ¸ĞµÑÑ Ğ¿Ğ¾ĞµĞ·Ğ´ĞºĞ¸! ĞŸĞ¾Ğ»Ğ½Ñ‹Ğ¹ Ğ±ĞµÑĞ¿Ñ€ĞµĞ´ĞµĞ»! ĞŸĞ¾Ñ€Ğ° Ğ¼ĞµĞ½ÑÑ‚ÑŒ Ğ²Ğ°Ñ Ğ½Ğ° Ğ´Ñ€ÑƒĞ³Ğ¾Ğ¹ ÑĞµÑ€Ğ²Ğ¸Ñ.",1
Worst taxi service! I had a problem after ordered a taxi.. I wrote to the Taxify for solve the problem but  they didnt respond to me anything.. They are just thinking about gaining money thats all..,1
Pisdi Elaqe nomreniz yoxdur wikayyeti bildirmek ucun,1
XidmÉ™t barÉ™dÉ™ Proqram rahat vÉ™ É™lveriÅŸlidi. Lakin axÄ±r vaxtlar sÃ¼rÃ¼cÃ¼lÉ™r kartla Ã¶dÉ™niÅŸ etdiyimÉ™ gÃ¶rÉ™ sifariÅŸi lÉ™ÄŸv edirlÉ™r. O sÉ™bÉ™bdÉ™n Uber'i dÉ™ yÃ¼klÉ™mÉ™li olmuÅŸam. Bu barÉ™dÉ™ tÉ™dbir gÃ¶rmÉ™yinizi xahiÅŸ edirÉ™m. SifariÅŸin qÉ™bul edilmÉ™yinÉ™ xeyli vaxt gÃ¶zlÉ™yirik. Ãœmid edirÉ™m nÉ™zÉ™rÉ™ alÄ±nacaq.,0
Beyendik Beyendim,0
ğŸ‘ğŸ¼ğŸ‘ğŸ¼ğŸ‘ğŸ¼ğŸ‘ğŸ¼ğŸ‘ğŸ¼ suruculer artiq pul almaqcun dava eliyirler 4.46 oldu qiymet 40 deqiqedi seni probkalara dozub qetirirem deyib santajla 7 mamat aldi,1
"ğŸ‘ğŸ‘ğŸ‘ğŸ‘ Ğ¡Ğ°Ğ¼Ğ°Ñ Ğ»ÑƒÑ‡ÑˆĞ°Ñ Ñ‚Ğ°ĞºÑĞ¸ Ğ¾Ğ±ÑĞ»ÑƒĞ¶Ğ¸Ğ²Ğ°Ğ½Ğ¸Ğµ!!! Ğ•Ğ´Ğ¸Ğ½ÑÑ‚Ğ²ĞµĞ½Ğ½Ñ‹Ğ¹ Ğ¼Ğ¸Ğ½ÑƒÑ ÑÑ‚Ğ¾ Ğ½ĞµĞ»ÑŒĞ·Ñ Ğ²Ğ¿Ğ¸ÑÑ‹Ğ²Ğ°Ñ‚ÑŒ Ğ´Ğ²Ğ° Ğ°Ğ´Ñ€ĞµÑĞ°Ñ‚Ğ° ÑÑ€Ğ°Ğ·Ñƒ, Ğ° Ñ‚Ğ°Ğº Ğ²ÑĞµ ÑÑƒĞ¿ĞµÑ€!",0
ğŸ‘ğŸ»ğŸ‘ğŸ» ğŸ‘ğŸ»ğŸ‘ğŸ»ğŸ‘ğŸ»ğŸ‘ğŸ»,0
"Taxify Salam,xidmetinizde dolandiriciligla meshgul olan 90XM707 nomreli avtomobil fealiyyet gosterir bu sexs 5.92 yol pulu oldugu halda 12manat teleb etdi menden",1
"Kartla Ã¶dÉ™niÅŸdÉ™n narazÄ±yam Kartla Ã¶dÉ™niÅŸdÉ™n narazÄ±yam! GediÅŸÉ™ É™lavÉ™ olaraq vergi dÉ™ Ã§Ä±xÄ±lÄ±r. Bundan É™lavÉ™, gediÅŸ baÅŸlamazdan É™vvÉ™l mÉ™blÉ™ÄŸ+cergi Ã§Ä±xÄ±Ä±dÄ± kartÄ±mdan. GediÅŸ bitfikdÉ™n sonra yeni qiymÉ™t+vergi Ã§Ä±xÄ±ldÄ±. ArdÄ±yca kÃ¶hnÉ™ Ã§Ä±xÄ±lan gediÅŸ mÉ™blÉ™ÄŸi karta geri ordu, amma Ã§Ä±xÄ±lan vergisi oturmadÄ±.",1
Taxify ĞÑ‡ĞµĞ½ÑŒ Ñ…Ğ¾Ñ€Ğ¾ÑˆĞ¸Ğ¹ ÑĞµÑ€Ğ²Ğ¸Ñ.,0
"Terbiyesiz ve seviyyesiz suruculer Demeli taxify-in suruculer o qeder terbiyesizdi ki, tanimadigi insanlarla senle danisirlar hamisi. 

Sonra da gelmeden evvel qebul edir sifarisi sonra da zeng edib sorusur ki kartla odeyirsense gelmirem. Sonra da legv edir senin sifarisini. 

99 RF 236 nomreli taksi lap cindirdi",1
Super xidmet Vaxti vaxtinda gelir taksii,0
ğŸš• Ã‡ox É™la,0
"Fariz 90 KL 697 bu kimi  suruculeriniz cezalandirilmalidir! Fariz 90 KL 697  xahis edirik bu surucu ile olcu goturulsun! Yazilib ki, 13 deqiqeye olacaq surucu gozleyirik , 2-3 deq. qalmis yigiriq ki, ne vaxta catarsiz. Deyir gele bilmeyecem. Hele bunlara artiq pul da verilir her defe. Nezere alin!",1
Driver He is perfect man. He loves his job. And so respectfull,0
Good Timing good fast pick up,0
"Card Adding problem This problem started few days ago I cant add my Bank Card it says that scan your card but the camera doesnt open 
PS. I have gaven the permission for camera but it still not working. 
Please fix this problem 
For overall I like this problem very cheap and good Quality, fast arrives and drives.",0
"ĞĞµÑƒĞ´Ğ¾Ğ±Ğ½Ğ¾! ĞĞµĞ²Ğ¾Ğ·Ğ¼Ğ¾Ğ¶Ğ½Ğ¾ Ğ½Ğ°Ğ¿Ğ¸ÑĞ°Ñ‚ÑŒ ĞºĞ¾Ğ¼Ğ¼ĞµĞ½Ñ‚Ğ°Ñ€Ğ¸Ğ¹ Ğº Ğ·Ğ°ĞºĞ°Ğ·Ñƒ, ÑĞ²ÑĞ·Ğ°Ñ‚ÑŒÑÑ Ñ Ğ¾Ğ¿ĞµÑ€Ğ°Ñ‚Ğ¾Ñ€Ğ¾Ğ¼ Ñ‡Ñ‚Ğ¾Ğ±Ñ‹ ÑƒÑ‚Ğ¾Ñ‡Ğ½Ğ¸Ñ‚ÑŒ Ğ´ĞµÑ‚Ğ°Ğ»Ğ¸ Ğ¿Ğ¾ĞµĞ·Ğ´ĞºĞ¸, ÑĞ¼ĞµĞ½Ğ¸Ñ‚ÑŒ Ğ°Ğ´Ñ€ĞµÑ Ğ¿Ğ¾ Ğ½ĞµĞ¾Ğ±Ñ…Ğ¾Ğ´Ğ¸Ğ¼Ğ¾ÑÑ‚Ğ¸.",1
"Perfect Ela tÉ™tbiqdi kartnan Ã¶dÉ™niÅŸlÉ™r daha sÉ™rfÉ™lidi,yaxÅŸÄ± olarkÄ± gÉ™lÉ™cÉ™kdÉ™ tÉ™mir gedÉ™n yollar barÉ™sindÉ™ sÃ¼rÃ¼cÃ¼lÉ™rÉ™ xÉ™ritÉ™dÉ™ mÉ™lumat É™ks olunsa dahada yaxÅŸÄ± olar.",0
SuperğŸ‘ğŸ¼ğŸ‘ğŸ¼ğŸ‘ğŸ¼ğŸ‘ğŸ¼ MÉ™n GÉ™ncÉ™dÉ™ yaÅŸayÄ±ram vÉ™ burda istifadÉ™ edirÉ™m Superdi!! Æn ucuz vÉ™ keyfiyyÉ™tli taksi xidmÉ™ti,0
A Perfect,0
her gun 2-3 sefe  istifade edirem Cox super Taxi xidmetidi,0
"thanks in city evrythink is good ,in far city mostly driver is bad,so i love taxify",0
â™¥ï¸ Amazing,0
"Ğ¢Ğ°ĞºÑĞ¸Ğ¤Ğ°Ğ¹ Ğ¡Ğ¿Ğ°ÑĞ¸Ğ±Ğ¾ Ğ·Ğ° Ğ¾Ğ¿ĞµÑ€Ğ°Ñ‚Ğ¸Ğ²Ğ½Ğ¾ÑÑ‚ÑŒ , Ğ·Ğ° ÑĞºĞ¾Ğ½Ğ¾Ğ¼Ğ¸Ñ Ğ²Ñ€ĞµĞ¼Ñ",0
Ezizim Orxan Gozel seyahet ve gozel sohbet ucun sene teshekkur edirem. Xususile Taxfy shirketi bele mehriban ve gozel emekdashlr cekb etdiyi ucun minnetdaram. Cox sag olun.,0
Berbad Qeyri pesekar ve kobud suruculeri olan sirket!heckime meslehet gormurem,1
RazÄ±n qaldÄ±q EladÄ± bu servÄ±s,0
"Ğ£Ğ¶Ğ°ÑĞ½Ğ¾Ğµ Ñ‚Ğ°ĞºÑĞ¸!!!! Ğ£Ğ¶Ğ°ÑĞ½Ğ¾Ğµ Ñ‚Ğ°ĞºÑĞ¸!!!!! Ğ’Ğ¾ Ğ²Ñ€ĞµĞ¼Ñ Ğ½Ğµ Ğ¿Ñ€Ğ¸ĞµĞ·Ğ¶Ğ°ÑÑ‚. Ğ¶Ğ´Ñƒ Ğ¿Ğ¾ 10 Ğ¼Ğ¸Ğ½ÑƒÑ‚ ,Ğ¿Ğ¾Ñ‚Ğ¾Ğ¼ Ğ´ĞµĞ»Ğ°ÑÑ‚ Ğ¾Ñ‚Ğ¼ĞµĞ½Ñƒ Ğ·Ğ°ĞºĞ°Ğ·Ğ°!!! ĞºĞ¾Ğ½Ñ‡ĞµĞ½Ğ½Ğ°Ñ ÑĞ¸ÑÑ‚ĞµĞ¼Ğ°! Ğ½Ğ¸Ñ‡ĞµĞ³Ğ¾ Ğ½Ğ¾Ñ€Ğ¼Ğ°Ğ»ÑŒĞ½Ğ¾Ğ³Ğ¾ Ğ½Ğµ ÑĞ¼Ğ¾Ğ³Ğ»Ğ¸ Ğ¼Ğ´ĞµĞ»Ğ°Ñ‚ÑŒ!Ğ£Ğ±ĞµÑ€ Ğ² 10000 Ñ€Ğ°Ğ· Ğ»ÑƒÑ‡ÑˆĞµ. Ğ¢ÑƒĞ¿Ñ‹Ğµ Ğ¾Ñ‡ĞµĞ½ÑŒ Ğ²ÑĞµ Ğ² ÑÑ‚Ğ¾Ğ¹ ÑĞ¸ÑÑ‚ĞµĞ¼Ğµ",1
ğŸ‘ğŸ»ğŸ‘ğŸ»ğŸ‘ğŸ» Vse super spasibo za otlicniy app â™¥ï¸ğŸ‘ğŸ»,0
Rufat MÉ™nim dÃ¼ÅŸÃ¼ncÉ™mÉ™ gÃ¶rÉ™ BakÄ±da 1 nÃ¶mrÉ™di! ÆhsÉ™n,0
Taxify Ğ‘Ğ»Ğ¾Ğ³Ğ¾Ğ´Ğ¾Ñ€Ñ Ğ²Ğ°Ğ¼,0
Ela VaxdÄ±nda gelir eladÄ±r,0
"!!! ag seherden hezi aslanova odenisi 3,5 gosterib catanda 7 Azn alan xidmetdi axirinci defe istifade edirem artiq hec kime de tovsiyye etmirem",1
Salam Cox sagolun gozel xidmete gore,0
"ÆlavÉ™ pul Salam, Taxify hÉ™m bank kartÄ±mdan pul Ã§Ä±xÄ±b, hÉ™m sÃ¼rÃ¼cÃ¼ mÉ™ndÉ™n naÄŸd pul aldÄ±. ÅikayÉ™t bildirmÉ™yÉ™ isÉ™ bir qaynar xÉ™tt filan, É™laqÉ™ nÃ¶mrÉ™si yoxdur",1
Eladi Gedisi atmenit edenleri cermelesek yaxsi olar,0
Stupidity Absolute stupidity of drivers!!!!! No supervision of those who have been hired.,1
I liked it maaanğŸ‘ŒğŸ¼ğŸ‘ŒğŸ¼ğŸ‘ŒğŸ¼ This app is freaking awesome guys,0
ĞšĞ»Ğ°ÑÑĞ½Ñ‹Ğ¹ ÑĞµÑ€Ğ²Ğ¸Ñ! Ğ¢Ğ°Ğº Ğ´ĞµÑ€Ğ¶Ğ°Ñ‚ÑŒ!,0
"Prekrasno oochen udobna, cherez 3 minuti uje taxi jdet menyağŸ˜ğŸ‘ğŸ˜Š",0
Super VaxtÄ±nda ve zamanÄ±nda sifariÅŸ eden kimi hazÄ±rdÄ±r,0
Meslehet gormurem Bacardiqiniz qeder UBER istifade edin ve ya diger ozune hormet eden taxi sirketlerinden. Her yoldan kecen atasini anasini tanimiyan taksi  soferleri var taksilerinin arasinda! ona gore daha keyfiyyetli xidmetlerden istifade edin,1
10 manatliq pulsuz gediÅŸ â€œ6CFP4â€ kodunu daxil et ve 10manat pulsuz gediÅŸ elde edin. En serfeli ve ugurlu xidmet.,0
Her gun istifade edirem Cox gozel asan ve qiymetlerde ucuz hemde axsamlar endirim olur dahada ucuz olur cox gozeldi max masini gozleyerem 3 deqe tez gelir esas ustun cehetide budu ve xeriteside qesey haranisa tapmaqda rahat asan bir soznen gozel programdi.,0
Hi Taxify Cox beyendim....Cox operativğŸ‘ğŸ»,0
support is bad The worst company,1
"Ela xidmet Cox serfeli ,rahat ve guvenli:)",0
"Feedback/ Comments Dear TaxiFy developers,

Thanks for this opportunity to use local application and test it. 

1) Good price
2) Quick response

Thanks and Best",0
"Thanks, driver Rufat! Everything is pretty good.",0
":( No one is answering when problem appears, no safety, drivers are rude!",1
"Tahir qardash yorulmuyasan! Super Surucudu, bele suruceler cox olsun))",0
ğŸ™„ Ğ¡ ĞºĞ°Ğ¶Ğ´Ñ‹Ğ¼ Ğ¾Ğ±Ğ½Ğ¾Ğ²Ğ»ĞµĞ½Ğ¸ĞµĞ¼ Ñ†ĞµĞ½Ñ‹ Ğ¿Ğ¾Ğ´Ğ½Ğ¸Ğ¼Ğ°ÑÑ‚ÑÑ ğŸ˜‚,1
Super Super,0
love it! I especially like a route sharing option,0
Taksi azligi Qiymetler yaxsidi ancaq taksiler bezi yerlerde tapilmir. Meselen Ehmedli,0
"Like it!; Beyendim. Servisden chox raziyam. Hem qiymetler serfeli, hem de xerite chox asand ve anlawilandir hem muwteriler ucun, hem de suruculer ucun. Kuchelerin adlari duzgun yazildigindan eziyyet chekilmir tapmaq ve oldugun nogteni qeyd elemek. 
This app is easy to be used and understood. The map has been built very well. Prices are on point and drivers are polite. 
I suggest to use this app in Baku, Azerbaijan much more than any other ones. 
Thanks for this useful app :)",0
Taxify ğŸ‘ğŸ» Perfect,0
No option No option to book taxi for later  . Please add.,0
Dummy drivers Worst taxi experience i've ever had.,1
"Unsafe! I have got injured while getting out of the car, because the driver started the motion despite he knew that I am getting out! He never apologised, and customer service is still not responding! Air-conditioners are not working in most of cars, some drivers are smoking without even asking for a permission, most of cars do not have a proper seat belt and maps are not accurate!!! Do not recommend.",1
No Suppor Ğ¡Ğ»ÑƒĞ¶Ğ±Ğ° Ğ¿Ğ¾Ğ´Ğ´ĞµÑ€Ğ¶ĞºĞ¸ Ğ½Ğ° 0. Ğ¯ Ğ²ĞµÑ‰Ğ¸ Ğ·Ğ°Ğ±Ñ‹Ğ» Ğ½Ğ° Ñ‚Ğ°ĞºÑĞ¸. Ğ—Ğ²Ğ¾Ğ½Ñ Ñ‚Ğ°ĞºÑĞ¸ÑÑ‚Ñƒ ÑƒĞ¶Ğµ 2 Ğ´Ğ½Ñ. ĞŸÑ€ĞµĞ´Ğ»Ğ¾Ğ³Ğ°Ğ» Ñ‚Ğ°ĞºÑĞ¸ÑÑ‚Ñƒ Ğ´ĞµĞ½ĞµĞ³ Ñ‡Ñ‚Ğ¾Ğ± Ğ¾Ğ½ Ğ¿Ñ€Ğ¸Ğ²Ğ¾Ğ·Ğ¸Ğ» Ğ½Ğµ Ğ¿Ñ€Ğ¸Ğ²Ğ¾Ğ·Ğ¸Ñ‚. ĞĞ°Ğ¿Ğ¸ÑĞ°Ğ» Ğ¾ Ğ¿Ñ€Ğ¾Ğ±Ğ»ĞµĞ¼Ğµ ÑĞ»ÑƒĞ¶Ğ±Ğµ Ğ¿Ğ¾Ğ´Ğ´ĞµÑ€Ğ¶ĞºĞ¸ Ğ½Ğ¾ Ğ½ĞµÑ‚ Ğ¾Ñ‚Ğ²ĞµÑ‚Ğ°. Ğ¯ ĞºĞ°Ğ¶Ğ´Ñ‹Ğ¹ Ğ´ĞµĞ½ÑŒ Ğ¸ÑĞ¿Ğ¾Ğ»Ğ·Ğ¾Ğ²Ğ°Ğ» Taxify Ğ¿Ğ¾ 3-4 Ñ€Ğ°Ğ·Ğ°. ĞĞ¾ ÑƒĞ¶Ğµ Ğ½ĞµĞ±ÑƒĞ´Ñƒ Ğ¸ÑĞ¿Ğ¾Ğ»Ğ·Ğ¾Ğ²Ğ°Ñ‚ÑŒ. ĞĞµ Ñ€ĞµĞºĞ¾Ğ¼ĞµĞ½Ğ´ÑƒÑ!!!,1
Great Better than uber!!!,0
Taxify Super,0
Ğ£Ğ¶Ğ°ÑĞ½Ñ‹Ğ¹ ÑĞµÑ€Ğ²Ğ¸Ñ ĞĞµ ÑĞ¼Ğ¾Ğ³Ğ»Ğ° Ğ²Ğ¾ÑĞ¿Ğ¾Ğ»ÑŒĞ·Ğ¾Ğ²Ğ°Ñ‚ÑŒÑÑ ÑƒĞ¶Ğµ Ğ·Ğ°Ğ±Ğ»Ğ¾ĞºĞ¸Ñ€Ğ¾Ğ²Ğ°Ğ»Ğ¸ Ğ¿Ñ€Ğ¾Ğ³Ñ€Ğ°Ğ¼Ğ¼Ñƒ,1
taxi yaxwi xidmetdi vaxti vaxtinda catdirir,0
"Ğ›ĞµĞ³ĞºĞ°Ñ, ÑĞºĞ¾Ğ½Ğ¾Ğ¼Ğ½Ğ°Ñ, Ğ¾Ğ¿ĞµÑ€Ğ°Ñ‚Ğ¸Ğ²Ğ½Ğ°Ñ! Ğ’ÑĞµĞ¼ ÑĞ¾Ğ²ĞµÑ‚ÑƒÑ Taxifly! Ğ’ Ğ‘Ğ°ĞºÑƒ ÑĞ°Ğ¼Ğ°Ñ Ğ»ÑƒÑ‡ÑˆĞ°Ñ Ğ¿Ñ€Ğ¾Ğ³Ñ€Ğ°Ğ¼Ğ¼Ğ° ÑÑ‚Ğ° Ğ¿Ğ¾ Ğ¼Ğ¾ĞµĞ¼Ñƒ Ğ¼Ğ½ĞµĞ½Ğ¸Ñ, uber ÑƒĞ´Ğ°Ğ»Ğ¸Ğ» Ñ‚Ğ°Ğº ĞºĞ°Ğº ĞºĞ°Ğ¶Ğ´Ñ‹Ğ¹ Ñ€Ğ°Ğ· Ğ¿Ñ€Ğ¸ Ğ·Ğ°ĞºĞ°Ğ·Ğµ Ğ¿Ğ¸ÑĞ°Ğ»Ğ° Ğ¿Ñ€Ğ¾Ğ³Ñ€Ğ°Ğ¼Ğ¼Ğ° Ñ‡Ñ‚Ğ¾ 'Ğ²Ñ‹ÑĞ¾ĞºĞ¸Ğ¹ ÑĞ¿Ñ€Ğ¾Ñ', Ğ´ÑƒĞ¼Ğ°Ñ Ñ‡Ñ‚Ğ¾ Ğ¼Ğ°ÑˆĞ¸Ğ½ Ğ¼Ğ°Ğ»Ğ¾ Ñƒ Ğ½Ğ¸Ñ… ÑƒĞ¶Ğµ Ğ¿Ğ¾ÑÑ‚Ğ¾Ğ¼Ñƒ Ñ‚Ğ°Ğº, Ğ¸ ÑÑ‚Ğ¾Ğ¸Ğ¼Ğ¾ÑÑ‚ÑŒ Ğ¿Ğ¾ĞµĞ·Ğ´ĞºĞ¸ Ğ´Ğ¾Ñ€Ğ¾Ğ¶Ğµ Ğ²Ñ‹Ñ…Ğ¾Ğ´Ğ¸Ğ»Ğ° Ğ¾Ñ‡ĞµĞ½ÑŒ Ñ‡Ğ°ÑÑ‚Ğ¾.",0
Super Super,0
Super Goog,0
"Very Bad!!! Drivers aren't qualified. Rude. Car approaching late, and wrong address. So this all very bad",1
Hi I love taxify,0
Super Lowest minimum price. Bedt available cars,0
"Taxify It is a quality! This app is new in Baku, thats why good luck for you.",0
Excellent I love Taxify,0
ğŸ‘ cox pis isleyir ğŸ‘ cox pis isleyir,0
"QimÉ™tinizÉ™ salem!!! Bu nÉ™ qiymÉ™tdir?
Ä°lk dÉ™fÉ™ 19 qÉ™pik/km
Sonra 25 qÉ™pik/km
Ä°ndidÉ™ 28 qÉ™pik/km
Duxunuz catÄ±r 33 qÉ™pik edin. UberlÉ™ Ã§atmaÄŸÄ±nÄ±za hÉ™lÉ™ Ã§ox var. ğŸ‘Š",1
We Always noted that : No drivers available at the moment.,1
Taxi ğŸ‘ Alhamdulilleh,0
Yaxsidir Proqrami dahada tekminkesdirin musal ucun men evvelden hansi nokteden hansisa nokteye qeder gedeceyim qiymeti tedbiqde evvelceden gorum,0
Sjsjsjsjs GÃ¶teÅŸsiniz sjsjsjs,0
Ã‡ooook gÃ¼zelll GÃ¼zel,0
ĞœĞ½Ğµ Ğ½Ñ€Ğ°Ğ²Ğ¸Ñ‚ÑÑ ĞÑ‚Ğ»Ğ¸Ñ‡Ğ½Ğ¾ Ñ€Ğ°Ğ±Ğ¾Ñ‚Ğ°ĞµÑ‚ Ğ¸ Ğ¾Ñ‡ĞµĞ½ÑŒ ÑƒĞ´Ğ¾Ğ±Ğ½Ğ¾,0
Super Super,0
H A Very good!,0
Super Super,0
ĞÑ‚Ğ·Ñ‹Ğ² Ğ˜Ğ½Ğ¾Ğ³Ğ´Ğ° Ğ½ĞµĞ¿Ñ€Ğ°Ğ²Ğ¸Ğ»ÑŒĞ½Ğ¾ Ğ¾Ğ¿Ñ€ĞµĞ´ĞµĞ»ÑĞµÑ‚ Ğ¿ĞµÑĞ½Ñ Ğ° Ñ‚Ğ°Ğº Ğ¿Ñ€Ğ¾Ñ†ĞµĞ½Ñ‚Ğ¾Ğ² 70 Ğ²ÑĞµ Ğ½Ğ°Ñ…Ğ¾Ğ´Ğ¸Ñ‚,0
Prestige26 Super! Bomba! Thanks!!!)))),0
Amazing app! Love it so much! Using it for years and it deserves 5 stars! I would give more. Thank you for everything! I finally found many songs that I could find for years!,0
Shazammm u r justğŸ‘ŒğŸ¾ PerfectttğŸ‘ŒğŸ¾,0
Shazam ĞÑ‚Ğ»Ğ¸Ñ‡Ğ½Ğ¾Ğµ Ğ¿Ñ€Ğ¸Ğ»Ğ¾Ğ¶ĞµĞ½Ğ¸Ğµ!,0
Æla ÆlaÃ§Ä±,0
Super.... 10 LL 848ğŸ˜˜ğŸ˜˜ğŸ’ªğŸ’ªğŸ¤˜ğŸ¤˜ Super.... 10 LL 848ğŸ˜˜ğŸ˜˜ğŸ’ªğŸ’ªğŸ¤˜ğŸ¤˜,0
Super Super,0
Great app !! Congrats ))),0
"Terrible .... ĞŸÑ€Ğ¾ÑÑ‚Ğ¾ Ğ£Ğ¶Ğ°ÑĞ½Ğ¾ . Ğ Ğ°Ğ½ÑŒÑˆĞµ Ğ¾Ğ½ Ğ½Ğ¾Ñ€Ğ¼Ğ°Ğ»ÑŒĞ½Ğ¾ Ğ½Ğ°Ñ…Ğ¾Ğ´Ğ¸Ğ» Ğ¿ĞµÑĞ½Ğ¸. Ğ¡ĞµĞ¹Ñ‡Ğ°Ñ Ğ¿Ñ€Ğ¾ÑÑ‚Ğ¾ ÑƒĞ¶Ğ°Ñ . ĞĞµĞ²Ğ°Ğ¶Ğ½Ğ¾ ĞºĞ°ĞºÑƒÑ Ğ¿ĞµÑĞ½Ñ Ñ…Ğ¾Ñ‡ĞµÑˆÑŒ Ğ½Ğ°Ğ¹Ñ‚Ğ¸ . Ğ’Ñ‹Ğ´Ğ°ĞµÑ‚ Ñ‚ĞµĞ±Ğµ ĞºĞ»ÑƒĞ±Ğ½Ñ‹Ğµ Ñ€ĞµĞ¼Ğ¸ĞºÑÑ‹ Ğ´Ğ°Ğ¶Ğµ ĞºĞ¾Ñ‚Ğ¾Ñ€Ñ‹Ğµ Ğ½Ğµ ÑĞ¾Ğ²Ğ¿Ğ°Ğ´Ğ°ÑÑ‚ Ñ Ñ‚ĞµĞ¼ Ñ‡Ñ‚Ğ¾ Ñ‚Ñ‹ Ğ¸Ñ‰ĞµÑˆÑŒ . ĞĞ´Ğ½Ğ¸Ğ¼ ÑĞ»Ğ¾Ğ²Ğ¾Ğ¼ Ğ¥Ğ Ğ•ĞĞ¬. Ğ£Ğ´Ğ°Ğ»ÑÑ , Ğ¿Ğ¾Ñ‚Ğ¾Ğ¼Ñƒ Ñ‡Ñ‚Ğ¾ ÑƒĞ¶Ğµ Ğ½ĞµÑ‚ ÑĞ¼Ñ‹ÑĞ»Ğ° Ğ¾ÑÑ‚Ğ°Ğ²Ğ»ÑÑ‚ÑŒ Ğ¿Ñ€Ğ¾Ğ³Ñ€Ğ°Ğ¼Ğ¼Ñƒ .",1
Thank you Found music immediately,0
Fena deyil Daha da iyi yapa bilirsiniz,1
Super super super super Ä°nternet'siz mÃ¼zik'lerimde Ã§alsaydÄ± daha'da Ã¶tesi sÃ¼per olurdu Ä°Phone 4s'lerde,0
Bir dene dayi ola. Qaqa piwiy kimi.,0
Perfect finder Perfect finder!,0
Awful Used to be in love with this app but now after new updates I canâ€™t find any song... so disappointing...,1
"dostum sazamnan sluxavoydu!! aaa bleeet bu ne hereketdi , app stora sazam yukluyursuz , mahni sadaliyiram amma tapmir , amma dostum tapr . A ona gore size 0 point",1
"ĞšĞ°Ñ‡ĞµÑÑ‚Ğ²Ğ¾ Ğ Ğ°Ğ½ÑŒÑˆĞµ ĞºĞ¾Ğ³Ğ´Ğ° Ğ²ĞºĞ»ÑÑ‡Ğ°Ğ» Ğ°Ğ²Ñ‚Ğ¾ÑˆĞ°Ğ·Ğ°Ğ¼ Ğ¸ Ğ·Ğ°Ñ…Ğ¾Ğ´Ğ¸Ğ» Ğ² Ğ´Ñ€ÑƒĞ³Ğ¾Ğµ Ğ¿Ñ€Ğ¸Ğ»Ğ¾Ğ¶ĞµĞ½Ğ¸Ğµ,Ñ‡Ñ‚Ğ¾Ğ±Ñ‹ Ğ½Ğ°Ğ¹Ñ‚Ğ¸ Ğ¼ÑƒĞ·Ñ‹ĞºÑƒ,Ñ€Ğ°Ğ±Ğ¾Ñ‚Ğ°Ğ»Ğ¾ Ğ²ÑĞµ ÑÑƒĞ¿ĞµÑ€.Ğ¡ĞµĞ¹Ñ‡Ğ°Ñ Ğ¶Ğµ ÑÑ‚Ğ° Ñ„ÑƒĞ½ĞºÑ†Ğ¸Ñ Ğ½Ğµ Ñ€Ğ°Ğ±Ğ¾Ñ‚Ğ°ĞµÑ‚,ĞºĞ¾Ñ‚Ğ¾Ñ€Ñ‹Ğ¹ Ñ€Ğ°Ğ· Ñ ÑƒĞ¶Ğµ Ğ½Ğµ Ğ¼Ğ¾Ğ³Ñƒ Ğ½Ğ°Ğ¹Ñ‚Ğ¸ Ğ¼ÑƒĞ·Ñ‹ĞºÑƒ!Ğ˜ÑĞ¿Ñ€Ğ°Ğ²ÑŒÑ‚Ğµ ÑÑ‚Ğ¾.",1
Best Best,0
spotify cant connect to spotify..(((,1
My favorite Super app.I love it,0
Her kes indirsin Guzel,0
Superrr 5 metrden bele eÅŸidir tapir mahnini halaldiğŸ¤˜,0
AzÉ™rbaycan musiqilÉ™ri AzÉ™rbaycan musiqilÉ™rinin Ã§oxunu tapa bilmir:(,1
Brat Superdir brat,0
ĞĞ±Ğ¾Ğ¶Ğ°Ñ Shazam! ĞĞ±Ğ¾Ğ¶Ğ°Ñ Shazam!,0
Shazam Not bad,1
Nijat Nice,0
The best :) What can I do without you. Thanks for being so helpful,0
Spotify support Removed Spotify integration. They do everything to encourage people to use Apple Music,1
Shukuuuâ¤ï¸ Awesome â¤ï¸,0
Guzel ğŸ‘ŒğŸ‘ŒğŸ‘Œ,0
Wonder!!! Shazam app Created  Supreme feeling me,0
ABCDE One of the best softwares as I ever seen.,0
Ivpl NÄ±llh,0
Super Guzel,0
"Best app This application can save our life like photo album, but better, with music! :) than, when we hear our playlist, with the helping this magical app, we can smile, cry, maybe dancing too, because we remember our life steps, fallen, dreams, stand up and move forward, we remember that we must, maan! Just do it",0
Like Very gooood,0
Shazam Love ğŸ˜»ğŸ¥°â¤ï¸,0
Shazam SÃ¼per,0
Ela Ela,0
Super ğŸ‘ğŸ‘ğŸ‘ğŸ‘,0
ğŸ‘ Very very very amazing!,0
Super ğŸ‘ŒğŸ»,0
ğŸ˜ğŸ˜ğŸ˜ ğŸ‘ğŸ»ğŸ‘ğŸ»,0
Not good Does not find,0
ğŸ‘ğŸ» Ã‡ok sÃ¼per ğŸ‘ğŸ»ğŸ‘ğŸ»ğŸ‘ğŸ»ğŸ‘ğŸ»ğŸ‘ğŸ» tavsiye ediyorum,0
Excelent Ä° like this app,0
"Shazam I think, what are we doing without â€œShazamâ€",0
"ĞĞ‘ĞĞĞ’Ğ›Ğ•ĞĞ˜Ğ• Ğ£Ğ–ĞĞ¡ĞĞĞ• ĞĞµ Ğ¼Ğ¾Ğ¶ĞµÑ‚ Ñ€Ğ°ÑĞ¿Ğ¾Ğ·Ğ½Ğ°Ğ²Ğ°Ñ‚ÑŒ ÑƒĞ¶Ğµ ĞºĞ°ĞºÑƒÑ Ğ¿ĞµÑĞ½Ñ Ğ¿Ğ¾Ğ´Ñ€ÑĞ´, Ñ‚Ğ°ĞºĞ¾Ğ³Ğ¾ Ğ½Ğµ Ğ±Ñ‹Ğ»Ğ¾ Ğ´Ğ¾ Ğ¾Ğ±Ğ½Ğ¾Ğ²Ğ»ĞµĞ½Ğ¸Ğµ. Ğ Ğ¾Ñ„Ñ„Ğ»Ğ°Ğ¹Ğ½ ĞºĞ¾Ğ³Ğ´Ğ° Ğ¿Ñ€Ğ¾ÑĞ»ÑƒÑˆĞ¸Ğ²Ğ°ĞµÑ‚ Ğ²Ğ¾Ğ¾Ğ±Ñ‰Ğµ Ğ½Ğ¸ĞºĞ¾Ğ³Ğ´Ğ° Ğ½Ğµ Ğ½Ğ°Ñ…Ğ¾Ğ´Ğ¸Ñ‚",1
SÃ¼per bir uygulama DÃ¼nyanin hakkini en iyi veren uygulamalarindan biriâ¤ï¸â¤ï¸,0
AR Super,0
From Azerbaijan ğŸ‡¦ğŸ‡¿ Super programdir ğŸ‘ğŸ»â™¥ï¸,0
Super â­ï¸â­ï¸â­ï¸â­ï¸â­ï¸â­ï¸,0
elvinn.ss ssss,0
Just wow! Itâ€™s just awesome!ğŸ‘,0
Poor It is too much searching and at the end it can not find. The almost music is about to end but however it is still listening,1
The best The most useful app.,0
ğŸ‘ğŸ¤™ğŸ¼ğŸ¤™ğŸ¼ Good,0
Niceeee Niceeee,0
Very smart Very lovely,0
Ğ‘Ğ»Ğ°Ğ³Ğ¾Ğ´Ğ°Ñ€Ñ! Ğ¡Ğ¿Ğ°ÑĞ¸Ğ±Ğ¾ Ğ²Ğ°Ğ¼ !,0
Superrr Super teÅŸekkÃ¼rler,0
Guzel ğŸ‘ğŸ‘,0
Mukemmel Cok guzel,0
nice nice,0
Shazam Superdi. Bezi minuslari var o da azÉ™rbaycan musiqilÉ™rinin Ã§oxunu tapmÄ±r,0
Ramil Abdullazade Itâ€™s perfect indeed! Greetings and Good luck from AzerbaijanğŸ‡¦ğŸ‡¿ !,0
Alla211 Change your style,1
Siri Siride shazam lanan ÅŸarkÄ±lar shazamÄ±n iÃ§inde kaydedilmiyor.,1
Shazam Ã‡ok iÅŸe yarar ÅŸey,0
Super Ela,0
SuppA Super,0
"Ğ¡Ğ¿Ğ°ÑĞ¸Ğ±ĞºĞ¸ Ğ ĞµÑĞ¿ĞµĞºÑ‚ Ğ²Ğ°Ñ....Ğ¡Ğ¿Ğ°ÑĞ¸Ğ±Ğ¾ Ğ±Ğ¾Ğ»ÑŒÑˆĞ¾Ğµ,Ğ½Ğµ Ñ€Ğ°Ğ·Ñƒ Ğ½Ğµ Ğ¿Ğ°Ğ´Ğ²Ñ‘Ğ»",0
Super Super,0
Ful Coool,0
"New update After new update i cant find any song, whatâ€™s wrong?",1
Like Like,0
LOVE ÑÑ‚Ğ¾ Ğ¿Ñ€Ğ¾Ğ³Ğ³Ñ€Ğ°Ğ¼Ğ° Ğ¼Ğ½Ğµ Ğ²ÑĞµĞ³Ğ´Ğ° Ğ¿Ğ¾Ğ¼Ğ¾Ğ³Ğ°ĞµÑ‚ ĞµÑĞ»Ğ¸ Ğ´Ğ°Ğ¶Ğµ Ğ±ĞµĞ· Ğ¸Ğ½Ñ‚ĞµÑ€Ğ½ĞµÑ‚Ğ° Ğ¾Ğ½ ÑĞ¾Ñ…Ñ€Ğ°Ğ½ÑĞµÑ‚ Ğ¸ Ñ‚Ñ‹ ĞºĞ¾Ğ³Ğ´Ğ° Ğ² Ñ…Ğ¾Ğ´Ğ¸Ñˆ Ğ² Ğ¸Ğ½Ñ‚ĞµÑ€Ğ½ĞµÑ‚ Ğ¾Ğ½ Ğ¿Ğ¾ÑÑ‹Ğ»Ğ°ĞµÑ‚ Ñ‡Ñ‚Ğ¾ Ğ¾Ğ½ Ñ€Ğ°ÑĞ¿Ğ¾Ğ·Ğ½Ğ°Ğ» Ğ¸Ğ»Ğ¸ Ğ½ĞµÑ‚,0
I cant imagine the world without SHAZAM!!! ğŸ‘ğŸ¼ğŸ‘ğŸ¼ğŸ‘ğŸ¼,0
ğŸ–•ğŸ¼ğŸ–•ğŸ¼ğŸ–•ğŸ¼ Thank you,0
Superdi Superdi,0
ğŸ‘ğŸ‘ğŸ‘ Super,0
ğŸ‘ğŸ»ğŸ‘ğŸ»ğŸ‘ğŸ» ğŸ‘ğŸ»ğŸ‘ğŸ»ğŸ‘ğŸ»,0
Para Para istiyor,1
":) 3,14Ğ·Ğ´Ğ°Ñ‚Ğ°Ñ Ğ¿Ñ€Ğ¾Ğ³Ğ°)))",0
No comment ğŸ‘ğŸ»ğŸ‘ğŸ»ğŸ‘ğŸ» No comment ğŸ‘ğŸ»ğŸ‘ğŸ»ğŸ‘ğŸ»,0
Best app Great!!!,0
bestofbest ğŸ‘ğŸ»,0
ğŸ‘ğŸ‘ğŸ‘ğŸ‘ğŸ‘ Super bir proqram,0
sÃ¼per uygulama istediÄŸim mÃ¼zikleri buluyorum mÃ¼thiÅŸ,0
HarÄ±ka Program Ã§ok iyi,0
Ğ¡ÑƒĞ¿ĞµÑ€ ĞÑ‚Ğ»Ğ¸Ñ‡Ğ½Ğ°Ñ ÑˆÑ‚ÑƒĞºĞ°. Ğ¡Ğ¿Ğ°ÑĞ¸Ğ±Ğ¾,0
Super MukemmelğŸ˜‚ğŸ˜ğŸ˜…ğŸ˜€ğŸ˜ƒğŸ˜ğŸ˜„ğŸ˜†ğŸ–¤,0
Shazam Ğ­Ñ‚Ğ° Ğ¿Ñ€Ğ¾Ğ³Ñ€Ğ°Ğ¼Ğ¼Ğ° Ğ·Ğ½Ğ°ĞµÑ‚ Ğ²ÑĞµ Ğ¿ĞµÑĞ½Ğ¸ Ñ ÑÑ‡Ğ°ÑÑ‚Ğ»Ğ¸Ğ² Ñ‡Ñ‚Ğ¾ Ñƒ Ğ¼ĞµĞ½Ñ ĞµÑÑ‚ÑŒ Ñ‚Ğ°ĞºĞ°Ñ Ğ¿Ñ€Ğ¾Ğ³Ñ€Ğ°Ğ¼Ğ¼Ğ°,0
alik good,0
Super â˜ºï¸ğŸ‘ğŸ¼ğŸ‘ğŸ¼ğŸ‘ğŸ»,0
Good Really good.,0
Feedback I want to notificate that give the back automatic shazam,0
Shazam Perfect app!!! Fast and exactly!,0
Guzel Guzel beyndimmm,0
Love it! Such a great app!,0
Superrrrr Superrrr,0
MÃ¼tiw ğŸ‘,0
Hello It takes 10 seconds to launch shazam. that s why i cant find music sometimes. please make it more fast,1
Super Bu proqramÄ± heÃ§ bir proqram É™vÉ™z edÉ™ bilmÉ™z,0
Ã‡ok gÃ¼zel Ã‡ok gÃ¼zel,0
superb Amazing App!!!,0
Sanan Majid Super Program,0
A Where the auto shazam in app shazam??,1
New update Recover Auto Shazam :/ others is very well ğŸ‘ğŸ»ğŸ‘,1
T Perfect,0
Ä°lkin âšœï¸âšœï¸,0
SO GOOOOOOODğŸ˜»ğŸ˜» to the moon and baack  :),0
Shazam ğŸ‘ğŸ»ğŸ‘ğŸ»ğŸ‘ğŸ»ğŸ‘ğŸ»ğŸ‘ğŸ»ğŸ‘ğŸ»,0
ğŸ‘ğŸ¼ Superrr,0
Cool Cok iti,0
Super ğŸ‘,0
Salam)) ElaÃ§Ä±Ä±ğŸ‘ğŸ¼ğŸ‘ğŸ¼ğŸ‘ğŸ¼,0
Awesome! Perfect job!,0
Unable to Download App Having issues with installing the new update on iphone 5s(ios 10.1),1
Incredible Incredible,0
Best ğŸ‘,0
ğŸ‘ğŸ» Yaxshi proqramdi. Internet olmayanda bele mahnini axtarib internet olduqda ise adinada baxmaq olar. Supper,0
Super Muchos Grazias,0
"Best app ever seen i congratulate developers and founders of app.
Fast,intuitive and best performance.Thanks",0
Superdi Istenilen mahniya telefonu tut adini deyecey Mence Butun telefonlara Lazimdi,0
"A problem Shazam is one of my favourite apps but now it doesnt open on my iphone 
please solve the problem 
thanks<3",0
"Tez iÅŸtiyir, like MahnÄ±nÄ± tez tapÄ±r vesselam",0
Woow Amazing,0
cox yaxwi internet olmuyanda yadda saxlamagi superdi,0
Sarl2004 Very and veryyyyyyy super,0
Cool I like it Cool I like it,0
Hh Ggg,0
Crash The new update crash in i phone5,1
Super Cool app),0
Like 5+,0
Great Great app,0
Cool Cool,0
Trio Sprrrr,0
Superr Best app I have used ever,0
Shazam I like it,0
Download it now The app is super helpful! If you are a person who likes music then this app is for you (when you want to download a song but you don't know the name you just open this app and you know the name),0
Best Best,0
ğŸ‘ğŸ‘ best of the best ))),0
Update Update for iOS 8!,0
Mukemmel Mukemmel Program,0
Shazam Super app,0
"ShazamğŸ˜„ Ğ¡ÑƒĞ¿ĞµÑ€,Ğ¼Ğ½Ğµ Ğ½Ñ€Ğ°Ğ²Ğ¸Ñ‚ÑÑ!ğŸ˜„",0
Ğ¾Ñ‚Ğ»Ğ¸Ñ‡ÑŒĞ½Ğ¾ Ğ¿Ñ€Ğ¸ĞºÑ€Ğ°ÑĞ½Ğ¾ Ñ€Ğ°Ğ±Ğ¾Ñ‚Ğ°ĞµÑ‚,0
Super app Cool!,0
Best Best of the best!!,0
Shazam Awesome appğŸ‘ğŸ‘ğŸ‘,0
"Public From this program i'am can build a party in my hause a many people sing a many music from youtube but this is not expensive 

                    COOL",0
Super! Super proqramma!,0
Best soft ever!!! Best soft ever!!!,0
Shazam Cool prog,0
super +++++,0
Shazam Just perfect...,0
None Coool app ever!,0
Shazam Thank u very much for this appğŸ‘ğŸ‘ğŸ‘,0
Ğ¥ÑŠÑĞ°Ğ½ Ñ Ğ¥ÑŠÑĞ°Ğ½ Ñ,0
I like it ğŸ‘ Love itâ¤ï¸,0
Best app Seriously one of the best apps!!!,0
PTC-242 eladir,0
Super Bomba proqramdi,0
yaxwi deyil zeyif,0
This is fraud Dont use!,1
Iyi Ela,0
4 dene video yukleyenden sonra yuklediyim videolarin sesi itdi Pis deyil ama ki ses problemi var,0
Hm Bu nedi ee heÃ§nÉ™di,1
Ã‡ok gÃ¼zel Ã‡okk iyii,0
The best mobile banking in Azerbaijan The best,0
ÆksÉ™r hallarda Ã¶dÉ™niÅŸ gec yerinÉ™ yetirilir bÉ™zi hallarda komunnal ve digÉ™r Ã¶dÉ™niÅŸlÉ™r edilmÉ™sind Ã§É™tinlik yaÅŸadir,0
ğŸ‘ Cox rahat bir praqramdi.,0
#PigeonsAzerbaijan #GÃ¼vercinbakÃ¼,0
Great job! Comprehensively improved app! Loved it!,0
super ishlerimin choxunu rahatliqla yoluna qoyur bu proqram ğŸ‘,0
UniBank ğŸ‘ Cox eladi rahatdi iwden evden cixmadan odenishleri rahat odemek olur,0
"Yaxshidir Sadece olaraq, kecen sefer telefona odenish eledim balansimdan cixdi lakin telefon duzelmedi. Iki defe odenish elemek mecburiyyetinde qaldim.",0
DÃ¼zÉ™liÅŸ Balansa mÉ™blÉ™ÄŸ É™lavÉ™ olunan zaman Ã¼mumi balans ekranda gÃ¶rÃ¼nmÉ™sin,0
Unibank Ğ’Ñ‹ ÑÑƒĞ¿ĞµÑ€!!,0
yaxÅŸÄ± iÅŸlÉ™yir É™la,1
Kotu Kotu,1
Unibank Super Ã§ox rahat ve deqiq,0
Super Ã‡ox eladi butun komunal odeniwleri mobil telefon odeniwleri bunla odeyirem cox rahatdi sadece her odeniwlerde her kartdan pul isdifade etdikde cashback olsa faizi yaxwi olsa LAP ELA OLAR veyaxud bonuslar verilse tez tez,0
Super Ã‡oooxxxx raahhaattt,0
"TÉ™ÅŸÉ™kkÃ¼r! Rahat, SÃ¼rÉ™tli vÉ™ SÉ™rfÉ™li :) TÉ™ÅŸÉ™kkÃ¼r Unibank!!!",0
Asiman MireldaroÄŸlu,0
Last Update Very useful,0
Unibank ğŸ‘ğŸ‘ Bir cox bankin mobil programini iwletdim.en deqiq ve rahat istifade olunan unibankin programidir.,0
Unibank LÉ™zzÉ™t edir ğŸ‘ğŸ˜,0
Berbad Cox qarwiq proqramdir.evvelki daha elveriwli idi.,1
"Ğ‘Ğ»Ğ¾ĞºĞ¸Ñ€Ğ¾Ğ²ĞºĞ° Ğ”Ğ¾Ğ±Ñ€Ñ‹Ğ¹ Ğ´ĞµĞ½ÑŒ Ğ¼Ğ¾Ğ¶ĞµÑ‚ Ñ Ğ½Ğµ Ğ¿Ğ¾ Ñ‚ĞµĞ¼Ğµ Ğ¿Ğ¸ÑˆÑƒ Ğ½Ğ¾ Ğ½Ğ°Ğ´ĞµÑÑÑŒ Ğ½Ğ° Ğ²Ğ°ÑˆĞµ ÑĞ¾Ñ‚Ñ€ÑƒĞ´Ğ½Ğ¸Ñ‡ĞµÑÑ‚Ğ²Ğ¾ Ğ²Ğ¾Ñ‚ ÑƒĞ¶Ğµ Ğ±Ğ¾Ğ»ÑŒÑˆĞµ 4-5 Ğ¼ĞµÑÑÑ†Ğ° Ñƒ Ğ¼ĞµĞ½Ñ Ğ±Ğ»Ğ¾ĞºĞ¸Ñ€Ğ¾Ğ²Ğ°Ğ½ Ğ²Ñ…Ğ¾Ğ´ ÑĞ½Ğ¸-Ğ±Ğ°Ğ½Ğº-Ğ¼Ğ¾Ğ±Ğ¸Ğ»ÑŒ Ğ¿Ğ¾Ğ¼Ğ¾Ğ³Ğ¸Ñ‚Ğµ Ğ°ĞºÑ‚Ğ¸Ğ²Ğ¸Ğ·Ğ¸Ñ€Ğ¾Ğ²Ğ°Ñ‚ÑŒ Ğ¸ ÑƒÑĞ¿ĞµÑˆĞ½Ğ¾ Ğ¿Ñ€Ğ¾Ğ²Ğ¾Ğ´Ğ¸Ñ‚ÑŒ Ğ¾Ğ¿ĞµÑ€Ğ°Ñ†Ğ¸Ğ¸, Ğ¿Ğ¾ Ñ€Ğ¾Ğ´Ñƒ ÑĞ²Ğ¾ĞµĞ¹ Ğ´ĞµÑÑ‚ĞµĞ»ÑŒĞ½Ğ¾ÑÑ‚Ğ¸ Ğ² Ğ³Ğ¾Ñ€Ğ¾Ğ´Ğµ Ğ±Ñ‹Ğ²Ğ°Ñ Ñ‚Ğ¾Ğ»ÑŒĞºĞ¾ Ğ¿Ğ¾ Ğ²Ğ¾ÑĞºÑ€ĞµÑĞµĞ½ÑŒÑĞ¼ Ğ¿Ğ¾ ÑÑ‚Ğ¾Ğ¼Ñƒ Ğ¿Ğ¾Ğ²Ğ¾Ğ´Ñƒ Ğ¾Ğ±Ñ€Ğ°Ñ‚Ğ¸Ñ‚ÑŒÑÑ Ğ² Ñ„Ğ¸Ğ»Ğ¸Ğ°Ğ» Ğ½Ğµ Ğ¼Ğ¾Ğ³Ñƒ Ğ·Ğ°Ñ€Ğ°Ğ½ĞµĞµ Ğ¿Ñ€Ğ¸Ğ½Ğ¾ÑˆÑƒ ÑĞ²Ğ¾Ñ Ğ¸ÑĞºÑ€ĞµĞ½Ğ½ÑÑ Ğ±Ğ»Ğ°Ğ³Ğ¾Ğ´Ğ°Ñ€Ğ½Ğ¾ÑÑ‚ÑŒ",0
DEBET KART Superdi,0
Unibank mobile so good l like unibank mobile so much congratulations,0
Best Bank in Baku Highly recommend,0
"mover bonus Xeberlerde deyirsiz 333 bonus,amma menim bonuslarim hissesinde 555 isteyirsiz,Insanlari dolamisiz?",0
ğŸ‘ğŸ‘ğŸ‘ ğŸ™ğŸ™ğŸ™,0
Unibank The best Mobile Bank Application in Azerbaijan!,0
Super super,0
Kocurmede PROBLEM Ela super herwey teki bele davam edin,0
Konul Super ğŸ‘,0
Ela Pullarinizi idare etmek Ã¼Ã§Ã¼n etibarlÄ± sade ve Ä°deal proqramdÄ±r!,0
Lucifer Pis deyil,0
â¤ï¸â¤ï¸â¤ï¸ ğŸ˜ğŸ˜ğŸ˜ğŸ‘ŒğŸ‘ŒğŸ‘Œ,0
best good it is Very good,0
Cox yaxsÄ± proqramdÄ±r Cox gozel proqramdÄ±r,0
Unibank ğŸ‘ğŸ»ğŸ‘ğŸ»,0
Ela Ela ve keyfiyyetli,0
"Teshekkur Sistem cox rahat ve funksionaldir
 Suretli menu girisi. ğŸ‘",0
error pul kÃ¶Ã§Ã¼rmesi etmek olmur!,1
Ã‡ox super Ä°stifadÉ™si Ã§ox rahat,0
ğŸ‘ğŸ»ğŸ‘ğŸ»ğŸ‘ğŸ» Cox guzel,0
É™la ğŸ‘ğŸ»,0
Superdi Eladi,0
Twk Salam cox sagolun hamÄ±nÄ±za ugurlar rehberlÄ±yÄ±nÄ±ze ve emeyÄ± olan her kese cox sagolun ğŸ˜˜ğŸ˜˜,0
ĞÑ‡ĞµĞ½ÑŒ ÑƒĞ´Ğ¾Ğ±Ğ½Ğ¾ Ğ¸ Ğ¿Ñ€Ğ°ĞºÑ‚Ğ¸Ñ‡Ğ½Ğ¾! Ğ£Ğ´Ğ¾Ğ±Ğ½Ğ¾ Ğ¿Ñ€Ğ¸Ğ»Ğ¾Ğ¶ĞµĞ½Ğ¸Ğµ Ñ ÑƒĞ´Ğ¾Ğ±Ğ½Ñ‹Ğ¼  Ğ¸Ğ½Ñ‚ĞµÑ€Ñ„ĞµĞ¹ÑĞ¾Ğ¼ Ğ¸ Ğ½ÑƒĞ¶Ğ½Ñ‹Ğ¼ Ñ„ÑƒĞ½ĞºÑ†Ğ¸Ğ¾Ğ½Ğ°Ğ»Ğ¾Ğ¼. Ğ Ğ°Ğ·Ñ€Ğ°Ğ±Ğ¾Ñ‚Ñ‡Ğ¸ĞºĞ°Ğ¼ Ñ€ĞµÑĞ¿ĞµĞºÑ‚.,0
Perfect !!! Easy to use. Thanks !,0
Hesabdan Ã§Ä±xarÄ±ÅŸ Hesabdan Ã§Ä±xarÄ±ÅŸ bÃ¶lmÉ™sindÉ™ hÉ™r bir Ã¶dÉ™niÅŸ Ã¼zrÉ™ tarixlÉ™r mÃ¶vcud deyil,1
Supeeeerrr Suppppeeeeerrrrrrrr,0
Saat 12e qeder . Saat 12den sonra 196 error code almaq adet halina cevrilib artig !!!!,1
Bonus 50bonusum var ona uygun doner kimi bir hediye verin yemelik bisey gonderin)),0
Best mobile app in Azerbaijan! Easy and great to use!,0
Ã‡ox gÃ¶zel Sizlere minetdariq,0
Elnur Cox iyi cox beyendim tewekkur ederim.,1
GÉ™lÉ™cÉ™k AzÉ™rbaycan texnohesab Zamana vÉ™ insan enerjisinÉ™ qÉ™naÉ™t vÉ™ É™n É™sas evÉ™ oÄŸru dÉ™vÉ™t etmÉ™mÉ™k Ã¼Ã§Ã¼n É™n gÃ¶zÉ™l kassa,0
Mukemmel bir proqram tewekkurler Tewekkurler,0
"Elave Pul Tuturlar!! Unibank karti ile qeydiyyatdan kecmek olmur,diger kartla qeydiyyatdan kecirsen her defer balansa baxanda 5 qepik cixilir.!
117 mesuliyyetsizdir duzeltmedi xetani!!",1
Ayka Suppa,0
"teshhekur cox rahat, operativ, vaxt itkisiz!",0
Ã–dÉ™niÅŸ NÉ™ zamam hara pul xÉ™rclÉ™diyimi gÃ¶stÉ™rmir É™vvÉ™l gÃ¶rÉ™ bilirdim,0
Starrr Uniii,0
"Khalil Well done, Unibank",0
ğŸ’œ Elaaaaa.... ğŸ‘,0
Mobile Unibank Super udobno,0
ğŸ˜ğŸ’¸ğŸ’µğŸ’¶ğŸ’´ğŸ’µğŸ‡¦ğŸ‡¿ğŸ‡¦ğŸ‡¿ğŸ‡¦ğŸ‡¿ğŸ‡¦ğŸ‡¿ ğŸ‡¦ğŸ‡¿ğŸ‡¦ğŸ‡¿ğŸ‡¦ğŸ‡¿ğŸ‡¦ğŸ‡¿ğŸ‡¦ğŸ‡¿ğŸ‡¦ğŸ‡¿ğŸ‡¦ğŸ‡¿ğŸ‡¦ğŸ‡¿,0
Vusala Super application. Easy to use.,0
Iphone ĞĞµ Ñ€Ğ°Ğ±Ğ¾Ñ‚Ğ°ĞµÑ‚ Ñ„ÑƒĞ½ĞºÑ†Ğ¸Ñ Ğ¿ĞµÑ€ĞµĞ²Ğ¾Ğ´Ğ° Ñ ĞºĞ°Ñ€Ñ‚Ñ‹ Ğ½Ğ° ĞºĞ°Ñ€Ñ‚Ñƒ Ğ½Ğ° Ñ‚ĞµĞ»ĞµÑ„Ğ¾Ğ½Ğµ iphone,0
Unibank Cox rahat,0
Unibankâ¤ï¸ Unibank kimi gozel bank sistemi ola bilmez,0
F Super,0
design ÑƒĞ¶Ğ°ÑĞ½Ñ‹Ğ¹ Ğ´Ğ¸Ğ·Ğ°Ğ¹Ğ½. Ğ¾Ñ‡ĞµĞ½ÑŒ Ğ½Ğµ ÑƒĞ´Ğ¾Ğ±Ğ½Ğ¾.,1
Ela Sadece mohtesemdir!!! Hec bir qusur yoxdur bu proqramda!,0
. Super programdi,0
ğŸ¤— ğŸ‘keyfiyyet,0
Xalid Unibank mobile super!!!,0
Viki TeÅŸekkÃ¼r ediyorum gÃ¼zel bir hizmet ama ÅŸÃ¼ kart ÅŸefri deÄŸiÅŸtirmek Ã¼Ã§Ã¼n her kere 2 manat talip ediyor bank ve Ã¶zelikle bank getmasi gerek olur,0
Xidmet ğŸ‘ğŸ¿,0
Ğ¯ Ğ»ÑĞ±Ğ»Ñ ÑĞ²Ğ¾Ğ¹ Ğ±Ğ°Ğ½Ğº ĞŸÑ€Ğ¾Ğ´Ğ¾Ğ»Ğ¶Ğ°Ğ¹Ñ‚Ğµ Ğ² Ñ‚Ğ¾Ğ¼ Ğ¶Ğµ Ğ´ÑƒÑ…Ğµ. Ğ”Ğ¾Ğ±Ğ°Ğ²Ğ»ÑĞ¹Ñ‚Ğµ Ğ¼Ğ½Ğ¾Ğ³Ğ¾ Ğ¸ Ğ¼Ğ½Ğ¾Ğ³Ğ¾ Ğ½Ğ¾Ğ²Ñ‹Ñ… Ğ¸ Ğ¸Ğ½Ñ‚ĞµÑ€ĞµÑĞ½Ñ‹Ñ… Ğ¿Ñ€Ğ¾Ğ³Ñ€Ğ°Ğ¼Ğ¼. Ğ£Ğ´Ğ°Ñ‡Ğ¸,0
"Unibank Ğ‘Ñ‹ÑÑ‚Ñ€Ğ¾, ÑƒĞ´Ğ¾Ğ±Ğ½Ğ¾, Ğ¿Ñ€Ğ¾ÑÑ‚Ğ¾",0
Beyendim Eladir her kese lazim olacaq bir sistemdir,0
Unibank ğŸ‘ŒğŸ‘ŒğŸ‘ŒğŸ‘Œ,0
"Rahat vÉ™ sÃ¼rÉ™tli Proqram Ã§ox yaxÅŸÄ± dÃ¼ÅŸÃ¼nÃ¼lÃ¼b, Ã§oxfunksiyalÄ±dÄ±r. Ã–dÉ™niÅŸlÉ™ri etmÉ™k rahatdÄ±r vÉ™ operasiyalar tez hÉ™yata keÃ§irilir. TÉ™ÅŸÉ™kkÃ¼r edirÉ™m!",0
Gozel Qeweydi,0
Problem with Touch ID What happened with Touch ID access?,0
Kredit Xaiw edirem kredit xetti ve taksit xetti unibank mobileye elave olunsun.,0
Æla ğŸ‘ğŸ’™,0
"Ã‡ox sadÉ™, effektiv bir proqram Bizim bank programlar iÃ§indÉ™ É™n ugurlusu budu. Ã‡ox sadÉ™, keyfiyyÉ™tli, sÃ¼rÉ™tli, vÉ™ hÉ™r cÃ¼r É™mÉ™liyyat yerinÉ™ yetirmÉ™k olur! Ã‡ox razi qaldim!",0
"ğŸ‘ Cox gozel programdi,hershey bir seyfede rahat idare edirsen!ğŸ‘",0
Normal Chox elverishlidir. Dahada tekminleshdirilmesini meslehet gorerdim. TÃ¼rkiye mobil bankciligindan yararlana bilersiniz,0
ğŸ‘ğŸ»ğŸ‘ğŸ»ğŸ‘ğŸ»ğŸ‘ğŸ»ğŸ‘ğŸ»ğŸ‘ğŸ»ğŸ‘ğŸ» Bank kimi bank) Ã§ox saÄŸolun. Pulu gÃ¶tÃ¼rÉ™ndÉ™ É™ladÄ± qaytaranda pis ). Kredit gÃ¶tÃ¼rdÃ¼z qaytarÄ±n),0
Unibank Daha yaxÅŸÄ± iÅŸletmek olsa idi. Birde ay Unibank medaxil ve mexaric niye gÃ¶stermir. Onsuz da faizinizi yeterli alÄ±rsÄ±z. HeÃ§ olmaya aÃ§Ä±k olun.,1
ğŸ˜ğŸ˜ AzÉ™rbaycanÄ±n É™n taxÅŸÄ± mobil bankÄ± ğŸ‘ğŸ‘,0
ğŸ‘ Butun banklarin app-in doyer :),0
"Problemleri hell edin 1 aydÄ±r kart hesabÄ±ndan Ã§Ä±xarÄ±ÅŸa baxa bilmirem, yalnÄ±z maile gÃ¶nderirğŸ‘ğŸ» birde diger bank kartlarÄ±nÄ±n balansÄ±nÄ± gÃ¶stermir",1
Hi Thank u for u,0
"Super Ela, mÃ¼kemmel bir program, evde oturub rahat idare edirsen ğŸ‘ğŸ»",0
ğŸ‘ğŸ½ğŸ‘ğŸ½ğŸ‘ğŸ½ sms gelmir nomreye...,1
"Ujas! Ne berite kredit! Eto bezdonnaya bocka. Samiy visokiy procent! Kak ipoteka na 25 let- platish, platiah, a konca ne vidno!",1
Super ğŸ‘ğŸ‘ğŸ‘,0
App NiceğŸ‘ğŸ»,0
Ğ¡ĞµÑ€Ğ²Ğ¸Ñ ÑÑ‹Ñ€Ğ¾Ğ¹ ĞŸĞµÑ€ĞµĞ²Ğ¾Ğ´Ñ‹ Ğ½Ğµ Ñ€Ğ°Ğ±Ğ¾Ñ‚Ğ°ÑÑ‚. ĞšĞ°Ñ€Ñ‚Ñƒ Ğ¿Ğ¾ ÑƒĞ¼Ğ¾Ğ»Ñ‡Ğ°Ğ½Ğ¸Ñ Ğ½Ğµ Ğ²Ğ¸Ğ´Ğ¸Ñ‚,1
"Ğ£Ğ´Ğ¾Ğ±Ğ½Ñ‹Ğ¹ ÑĞµÑ€Ğ²Ğ¸Ñ ĞÑ‡ĞµĞ½ÑŒ ÑƒĞ´Ğ¾Ğ±Ğ½Ğ¾Ğµ Ğ¿Ñ€Ğ¸Ğ»Ğ¾Ğ¶ĞµĞ½Ğ¸Ğµ. Ğ’Ğ¸Ğ´Ğ½Ñ‹ Ğ±Ğ°Ğ»Ğ°Ğ½ÑÑ‹, Ğ¼Ğ¾Ğ¶Ğ½Ğ¾ Ğ´ĞµĞ»Ğ°Ñ‚ÑŒ Ğ¿Ğ»Ğ°Ñ‚ĞµĞ¶Ğ¸ Ñ ĞºĞ°Ñ€Ñ‚Ñ‹ Ğ½Ğ° ĞºĞ°Ñ€Ñ‚Ñƒ, Ğ¾Ğ¿Ğ»Ğ°Ñ‡Ğ¸Ğ²Ğ°Ñ‚ÑŒ ÑƒÑĞ»ÑƒĞ³Ğ¸, Ğ³Ğ¾Ñ Ğ¸ ĞºĞ¾Ğ¼Ğ¼ÑƒĞ½Ğ°Ğ»ÑŒĞ½Ñ‹Ğµ Ğ¿Ğ»Ğ°Ñ‚ĞµĞ¶Ğ¸.",0
ne rabotaet ne rabotaet posle seqodnyashneqo obnovleniya!!,1
Sms gelmir nomreye Mende problem vardi daxil olmaqda sms gelmirdi gecde olsa duzeltdiler problemi.ve mence Azerbaycanda olan en yaxsi 2 mobil bank xidmeti varsa biri bu unibankin tedbiqidir,0
Super! I am in love with the app!,0
"Best app Easy to use,perfect!thanks Unibank",0
Unibank app is great! Great!,0
Perfect! One of the best internet banking app in Azerbaijan! Thanks,0
Easy to use You have access to all your account details and can manage everything. No need to go to bank for any reason,0
Super Super,0
Azerbaycan iÃ§in gurur kaynaÄŸÄ± bir banka TÃ¼m iÅŸlemler ÅŸeffaf ve dÃ¼rÃ¼st,0
The coolest program ğŸ‘ŒğŸ»ğŸ‘ŒğŸ»ğŸ‘ŒğŸ» The coolest program ğŸ‘ŒğŸ»ğŸ‘ŒğŸ»ğŸ‘ŒğŸ»,0
"The best Unibank, thanks for app!!! It's amazing!",0
Mobile Banking Ela!,0
"Unibank Ela proqramdi, xirda duzelishler de olsa super olar",0
ğŸ‘ğŸ» ğŸ¤¥-,0
ğŸ‘ Faydali proqramdir. Ela ğŸ‘,0
Supet GÃ¶zÉ™l proqramdÄ± mÉ™slÉ™hÉ™tlidi,0
SuperğŸ‘ğŸ» ğŸ‘ğŸ»ğŸ‘ğŸ»ğŸ‘ğŸ»ğŸ‘ğŸ»ğŸ‘ğŸ»,0
Super Cox sevdim Uni Bank'Ä±,0
GT Eladir.,0
"Super Her iwime yarayirn, cox sade ve istifadeli . Tesekkurler Unibank",0
Number one Good job.,0
Mr. Elio Easy to use and nice interface. Good luck Unibank Team.,0
"Simple&convenient Well designed, easy to use, fast operations",0
Ela En ugurlu mobilbank!!,0
PERFECT AWESOME ğŸ‘ŒğŸ‘ğŸ‘ğŸ‘ğŸ‘ğŸ‘,0
Unibank Mobile Super proqramdÄ±r. ğŸ‘ğŸ‘ğŸ‘,0
ğŸ‘ Æla program É™la bank. Ã‡ox saÄŸolun,0
"ÆLA! ğŸ‘ğŸ‘ğŸ‘ Son yenilÉ™mÉ™ ilÉ™ tÉ™tbiq É™la, son dÉ™rÉ™cÉ™dÉ™ stabil iÅŸlÉ™yir. YenilÉ™mÉ™dÉ™n É™vvÉ™l tÉ™tbiqdÉ™ Ã¶dÉ™niÅŸ edÉ™rkÉ™n problemlÉ™r yaÅŸanÄ±rdÄ±, Ã¶dÉ™mÉ™nin hÉ™yata keÃ§mÉ™mÉ™si barÉ™dÉ™ sÉ™hvliklÉ™r olurdu. ArtÄ±q elÉ™ problem qalmayÄ±b, É™la! ğŸ‘ğŸ‘",0
ElağŸ‘ğŸ» ğŸ‘ğŸ»ğŸ‘ğŸ»ğŸ‘ğŸ»ğŸ‘ğŸ»,0
Convenient I am abroad right now! Very glad that Unibank has such a convenient tool to manage my accounts!,0
UNIBANK Get gede duzelir). Pis deyil.,0
Ishlemiiirrr!!! ğŸ˜¡ update olduqdan sonra ishlemir!!!,1
Ä°ÅŸlÉ™mir Son yenilÉ™nmÉ™dÉ™n sonra iÅŸlÉ™mir.,1
IÅ¡lemir Yenilenmeden sonra islemir!!!!,1
Not working Not working after update,1
Yenilendikden sonra ishlemir Yenilendikden sonra ishlemir,0
app bu app hazirlayana halal olsun super sade dizayn elada isleyir birce apple whatch da elave olunsa super olar ;),0
"ĞÑ‚Ğ»Ğ¸Ñ‡Ğ½Ğ¾ Ğ®Ğ½Ğ¸Ğ±Ğ°Ğ½Ğº Ğ›ÑĞ±Ğ¸Ğ¼Ñ‹Ğ¹ Ğ‘Ğ°Ğ½Ğº
Ğ¡ÑƒĞ¿ĞµÑ€!",0
Musiqi Musiqi,0
Ads report Please block all ads appearing in this App. Thanks!,0
Internet olmadan dinlenmiyor Internetsiz edin,0
"Ğ² ÑÑ€Ğ¾ÑÑ‚Ğ¸ Ğ¼ÑƒĞ·Ñ‹ĞºĞ° Ğ±ĞµĞ· Ğ¸Ğ½Ñ‚ĞµÑ€Ğ½ĞµÑ‚Ğ° Ğ½Ğµ Ñ€Ğ°Ğ±Ğ¾Ñ‚Ğ°ĞµÑ‚,ÑĞ¾Ğ¶Ñ€Ğ°Ğ» Ğ²ĞµÑÑŒ Ğ¼Ğ±!:(",1
ğŸ˜’ It is not playing offline.so it is one of  those ordinary music players.nothing that  makes it important to have in phone,1
Hec beyenmedim Salam salim bele proqramin icine bir poxda kocurtmek olmur,1
Video indirmek olmuyor Video indirmeki olmuyuor,0
"F fv . FfÃ¶Ã¼jjÄ±bvu  u.c Cct0 za Ã¼Ã§Ã¼ b itytt. 77  
  V 
 Ã‡z  v.    V4 t",0
Duraklama ÅarkÄ±larda bazen duraklama oluyor.Bu sorunu aradan kaldÄ±rÄ±rsanÄ±z sevinirim.TeÅŸekkÃ¼rler...,0
Get crazy Why I canâ€™t search musics???,1
. PLEASE fix the search button!!! Itâ€™s just impossible to use it without search,1
Search not working Till now everything is okay but now search function doesnt work,0
???whyy why isnt working this program??pls answer,1
"Problem There is a problem about search, fix it please..",1
Superrr Ã‡ok iyi sadece internetsiz Ã§alÄ±ÅŸmÄ±yor.,0
No download No download ğŸ˜,1
_hesenli_1997 Ela praqramdÄ±r supper tesekkÃ¼rler ğŸ˜˜,0
ğŸ˜’ Need wifiğŸ‘ğŸ¼,1
Cox gÃ¶zel mahnidi Superr,0
Bull shat Ğ‘ĞµĞ· Ğ¸Ğ½Ñ‚ĞµÑ€Ğ½ĞµÑ‚Ğ° Ğ½Ğ¸ Ñ‡ĞµÑ€Ñ‚Ğ° Ğ½Ğµ Ñ€Ğ°Ğ±Ğ¾Ñ‚Ğ°ĞµÑ‚!,1
It is a program. Suprrrrrr.,0
Problem Offline is better if you do people will download more,1
Pro Need pro version help to find please,0
Harika SÃ¼per bir proqram,0
Super Super,0
Asif Ã‡ok Ã§ok gÃ¼zel,0
Music Player A good app but you need wifi to listen to music,0
Super Everything is so beautiful,0
Super!ğŸ‘ğŸ‘ Super!ğŸ‘ğŸ¼ğŸ‘ğŸ¼,0
"ĞŸÑ€Ğ¸Ğ»Ğ¾Ğ¶ĞµĞ½Ğ¸Ğµ ğŸ‘ğŸ» Ğ£Ğ´Ğ¾Ğ±Ğ½Ğ¾, Ğ±Ñ‹ÑÑ‚Ñ€Ğ¾ Ğ¸ Ğ±ĞµĞ· Ğ·Ğ°Ğ¼Ğ¾Ñ€Ğ¾Ñ‡ĞµĞº!)",0
Promo kod 85250381,0
Ela program ve wirket Ne yaxsi bu app var)) 9933un savadsiz operatorlarinin elinden qutarmisam nece ildi:)),0
"ĞĞµ ÑĞµÑ€ÑŒĞµĞ·Ğ½Ğ¾ Ğ¡ĞµĞ³Ğ¾Ğ´Ğ½Ñ Ğ¿Ğ¾Ğ´Ğ²ĞµĞ»Ğ¸ Ñ‡ÑƒÑ‚ÑŒ Ğ½Ğµ Ğ¾Ğ¿Ğ¾Ğ·Ğ´Ğ°Ğ» Ğ½Ğ° Ğ¼ĞµĞ¶Ğ³Ğ¾Ñ€Ğ¾Ğ´ Ğ°Ğ²Ñ‚Ğ¾Ğ±ÑƒÑ, Ğ·Ğ²Ğ¾Ğ½Ğ¸Ñ‚ Ğ²Ğ¾Ğ´Ğ¸Ğ»Ğ° Ğ° Ğ¿Ğ¾Ñ‚Ğ¾Ğ¼ ÑĞ¾ÑĞºĞ°ĞºĞ¸Ğ²Ğ°ĞµÑ‚ Ğ¸Ğ· Ğ·Ğ°ĞºĞ°Ğ·Ğ°
ĞŸÑ€Ğ¸Ğ»Ğ¾Ğ¶ĞµĞ½Ğ¸Ğµ Ğ´ĞµÑ€ÑŒĞ¼Ğ¾Ğ²Ğ¾Ğµ, Ñ‡Ğ°ÑÑ‚Ğ¾ Ğ³Ğ»ÑÑ‡Ğ¸Ñ‚ , Ğ½Ğ° Ğ²ÑĞµ Ğ·Ğ°ĞºĞ°Ğ·Ñ‹ 1 Ğ¼Ğ°Ğ½ Ğ¿Ğ¸ÑˆĞµÑ‚ Ğ¿Ğ¾ÑÑ‚Ğ¾Ğ¼Ñƒ Ğ²Ğ¾Ğ´Ğ¸Ñ‚ĞµĞ»Ğ¸ Ğ½Ğµ ĞµĞ´ÑƒÑ‚ Ğ¸Ğ»Ğ¸ Ğ¶Ğµ Ğ¿Ñ€Ğ¸Ğ½ÑĞ² Ğ·Ğ°ĞºĞ°Ğ· ÑĞ±Ñ€Ğ°ÑÑ‹Ğ²Ğ°ÑÑ‚. ĞĞ¸ĞºĞ¾Ğ¼Ñƒ Ğ½Ğµ ÑĞ¾Ğ²ĞµÑ‚ÑƒÑ.",1
0 xidmetli taksi Bunlara ulduz dusmur hec taksini bir yere telesib tez catmaq ucun sifariÅŸ verirsen Bu taksiler hemin yere avtobus metro ile gedib catandan 1 saat sonra gelir xidmet 0 medeniyyetsiz suruculer ucuzdu deye ele zibil masinini sureni de surucu gotururler,1
ĞÑ‚Ğ»Ğ¸Ñ‡Ğ½Ğ¾ Ğ’Ğ¾Ğ²Ñ€ĞµĞ¼Ñ Ğ¿Ñ€Ğ¸ĞµĞ·Ğ¶Ğ°ÑÑ‚ Ğ¸ Ğ´Ğ¾ÑÑ‚Ğ°Ğ²Ğ»ÑÑÑ‚ Ğ² Ğ½ÑƒĞ¶Ğ½ÑƒÑ Ñ‚Ğ¾Ñ‡ĞºÑƒ,0
"Ğ£Ğ¶Ğ°Ñ ĞĞ´Ğ¸Ğ½ Ğ·Ğ° Ğ´Ñ€ÑƒĞ³Ğ¸Ğ¼ Ñ‚Ğ°ĞºÑĞ¸ÑÑ‚Ñ‹ Ğ¿Ñ€Ğ¸Ğ½Ğ¸Ğ¼Ğ°ÑÑ‚ Ğ·Ğ°ĞºĞ°Ğ·, Ğ¶Ğ´Ñ‘ÑˆÑŒ Ğ¿Ğ¾Ğ» Ñ‡Ğ°ÑĞ° Ğ¸ Ğ·Ğ°Ñ‚ĞµĞ¼ Ğ¾Ğ½Ğ¸ Ğ¾Ñ‚ĞºĞ°Ğ·Ñ‹Ğ²Ğ°ÑÑ‚ÑÑ! ĞĞ´Ğ½Ğ¾Ğ¹ Ğ·Ğ²ĞµĞ·Ğ´Ñ‹ Ğ¸Ğ¼ Ğ´Ğ°Ğ¶Ğµ Ğ¼Ğ½Ğ¾Ğ³Ğ¾Ğ²Ğ°Ñ‚Ğ¾",1
Fuad Qiymetler yaxwidi.Sonradan zayin cixartmasalar yaxwidi,0
"Babat Mobil É™lavÉ™ni quraÅŸdÄ±r, promo kodu daxil et 10 m. qazan. 
 1E327C09",1
Ã‡atÄ±ÅŸmamazlÄ±q BoÅŸ maÅŸÄ±n tapmaq Ã§ox Ã§É™tindir. HeÃ§ vaxt vaxtÄ±nda gÉ™lmir. Saatlarla gÃ¶zlÉ™mÉ™li olursan. MaÅŸÄ±n sayÄ± artÄ±rÄ±lsa daha yaxÅŸÄ± olar.,1
Cox SÃ¼per Taksi sÃ¼rÃ¼cÃ¼sÃ¼ cox mehriban vicdanlÄ± sexsdÄ±r. MaÅŸÄ±nÄ± idare etmeyini cox beÄŸendim. MasÄ±n sekliqeli ve temiz idi. Men MaxÄ±m Taksi xitmetinden cox istifade edirem ozunuzde bilisiniz. Ä°lk defedir qarsima bele gozel unsiyyetcil mehriban surucu cÄ±xdÄ±. Onu mukafatlandÄ±rmagÄ±nÄ±z meni sevindirer. Bele sÃ¼rÃ¼cÃ¼leriniz olduqda sernÄ±ÅŸinlerde olduqca xoabext olar. Ã–nceden teÅŸekkurler Maxim Taksi xidmetine!!!!,0
Mawenik 10 denen wirketee isleyir catmamis vururki duwurdum gic gic telefonlarina bawqa zakazlar gelir,1
Prom kod 513DA856,0
Maxim super ğŸ‘ğŸ»ğŸ‘ğŸ»ğŸ‘ğŸ»ğŸ‘ğŸ»ğŸ‘ğŸ»ğŸ‘ğŸ»,0
"Super Cox serfelidi ve tez gelirler taksiler,cox raziyam",0
Maxi Gence 0809821D promo kodunu daxil edin ve 50%,0
"sagiba siz adami saymirsiniz!zakaz edilibdir siz zakazi qebul etmemisiniz 40deqiqeden sonra yigib dediniz ki aaaa biz tapdiq sizin zakazinizi !!!Ã‡ox mensulliyÉ™tsiz hÃ¶rmÉ™t qoymursunuz!sizin taxiye 0 dÃ¼ÅŸÃ¼r É™slindÉ™,sevinin ki 1 ulduz verdik!!!!!",1
ğŸ‘ğŸ‘ Xidmetinizden cox raziyam !!,0
SumqayÄ±t SÉ™rfÉ™li vÉ™ rahatğŸ‘ğŸ»,0
"PROMO KOD VERDÄ°M yaz QAZAN!!! HesabÄ±nÄ±za 10 MANAT HÆDÄ°YÆ !! """"""""72F6D173"""""""" promo kodunu daxil et HESABINA OTURSUN",0
"Super, Ã§ox bÉ™yÉ™ndim. HÉ™m dÉ™ ucuz! SÃ¶zÃ¼n dÃ¼zÃ¼ É™vvÉ™l inanmÄ±rdÄ±m ancaq Ã¶zÃ¼m yoxladÄ±m, alÄ±ndÄ± :) Pulsuz 3 AZN gediÅŸ É™ldÉ™ etmÉ™k istÉ™yÉ™nlÉ™r aÅŸaÄŸÄ±dakÄ± kodu yazsÄ±n """"""""promo kod"""""""" bÃ¶lmÉ™sinÉ™...

04 FDA 735

ps: kodu boÅŸluq buraxmadan yazÄ±n, alÄ±nacaq :-)",0
Super Cox sÉ™rfÉ™li vÉ™ rahat,0
Ela Cox yaxsi surucudu ğŸ‘,0
Bonus iÅŸlÉ™mir Bonus iÅŸlÉ™mirsÉ™ niyÉ™ bonus verirsiz? TÉ™tbiq Ã¶zÃ¼ superdi. ÅirkÉ™ti vur tulla,1
Ğ¡Ğ¿Ğ°ÑĞ¸Ğ±Ğ¾ Ğ¡Ğ¿Ğ°ÑĞ¸Ğ±Ğ¾,0
Sikayet Axsam vaxti sifarisde olan vaxt unvani deyismek isteyirem.operatoru yigiram deyir bizim basimiz cixmir ofisdede heckim yoxdur.basi cixmayan niye oturub orda operator evezine,1
Problem Ni rabotayet,1
"Maxim en ucuz taxidi Ele en ucuz olduguna gorede bezen taxi gelmir, gerek biraz qiymeti artirasan proqram vasitesiyle.",0
"ĞŸÑ€Ğ¸Ğ»Ğ¾Ğ¶ĞµĞ½Ğ¸Ğµ Ğ½Ğµ ÑÑ‚Ğ°Ğ±Ğ¸Ğ»ÑŒĞ½Ğ¾Ğµ. ĞĞ° ÑĞ°Ğ¼Ğ¾Ğ¼ Ğ´ĞµĞ»Ğµ Ñ…Ğ¾Ñ€Ğ¾ÑˆĞµĞµ Ğ¸ Ğ¿Ğ¾Ğ»ĞµĞ·Ğ½Ğ¾Ğµ Ğ¿Ñ€Ğ¸Ğ»Ğ¾Ğ¶ĞµĞ½Ğ¸Ğµ, Ğ½Ğ¾ ÑĞµĞ³Ğ¾Ğ´Ğ½Ñ Ğ½Ğ°Ñ‡Ğ°Ğ»ÑÑ Ğ¶ÑƒÑ‚ĞºĞ¸Ğ¹ Ğ³Ğ»ÑĞº, Ñ‚Ğ°Ğº ĞºĞ°Ğº Ğ¿Ñ€Ğ¸ Ğ¾ÑÑ‚Ñ€Ğ¾Ğ¹ Ğ½ĞµĞ¾Ğ±Ñ…Ğ¾Ğ´Ğ¸Ğ¼Ğ¾ÑÑ‚Ğ¸ Ğ¿Ğ¾Ğ¿Ğ¾Ğ»Ğ½ĞµĞ½Ğ¸Ñ Ğ±Ğ°Ğ»Ğ°Ğ½ÑĞ° Ñ‚ĞµĞ»ĞµÑ„Ğ¾Ğ½Ğ°, Ğ¿Ñ€Ğ¸Ğ»Ğ¾Ğ¶ĞµĞ½Ğ¸Ğµ Ğ¿Ğ¾Ğ¿Ñ€Ğ¾ÑÑ‚Ñƒ Ğ½Ğµ ÑƒĞ´Ğ°Ğ²Ğ°Ğ»Ğ¾ÑÑŒ Ğ¾Ñ‚ĞºÑ€Ñ‹Ñ‚ÑŒ.",0
"It Works well! Really well done. I almost use it over 2 years. App works nice. I even cannot calculate how long is the saved time from my life due to not going to payment points. 
Thanks a lot.",0
"BildiriÅŸ Olduqca funksional app-dÄ±r. YalnÄ±z, hesaba pul daxil olduqda vakÄ±fbank mobil app vÉ™ s.-dÉ™ olduÄŸu kimi bildiriÅŸ gÉ™lmÉ™si daha yaxÅŸÄ± olar. 
TÉ™ÅŸÉ™kkÃ¼rlÉ™r",0
Very useful Userfriendly,0
Pasha Bank Yaxshidi.beyendim,0
Pemba Yaxshi.beyendim,0
"Thanks Very useful, big thanks to everyoneğŸ‘",0
Perfect Super bank appğŸ‘ğŸ»,0
Pasha bank Xoshuma geldi,0
otlichno chox rahat,0
Cool! Very user friendly application!,0
mobapp ğŸ‘ğŸ»ğŸ‘ğŸ»ğŸ‘ğŸ»ğŸ‘ğŸ»,0
Super Super,0
Application Veru useful application!!,0
lhajiyeva It works!,0
Very good app Very good app!,0
recomendation good.im recommend for payments etc.,0
ĞÑ‚Ğ»Ğ¸Ñ‡Ğ½Ğ¾ ĞÑ‚Ğ»Ğ¸Ñ‡Ğ½Ğ¾,0
Super Superrr app,0
Super Perfect,0
Super Program istifadede chox rahat ve asandir! Her bir kese tovsiyye edirem!,0
ĞšÑ€ÑƒÑ‚Ğ¾ ĞÑ‡ĞµĞ½ÑŒ ÑƒĞ´Ğ¾Ğ±Ğ½Ğ¾ Ğ¸ Ğ»ĞµĞ³ĞºĞ¾,0
Great! 1 of the best mobile banking applications ğŸ˜»,0
pasha app good app.thanks,0
Good Very good for payment,0
App Udobno dla oplat i vipiski,0
Mobile banking ĞÑ‡ĞµĞ½ÑŒ ÑƒĞ´Ğ¾Ğ±ĞµĞ½ Ğ² Ğ¸ÑĞ¿Ğ¾Ğ»ÑŒĞ·Ğ¾Ğ²Ğ°Ğ½Ğ¸Ğ¸!!!!ğŸ‘ŒğŸ‘ŒğŸ‘Œ,0
Application Good app,0
Odenish Butun odenishleri rahat ediram,0
Pasha bank mob Legko I prosto,0
Cox rahat Cox sade ve rehat.,0
app ochen udobno i prosto v ispolzovanii,0
Mob app Ochen udobno oplachivat scheta.,0
"The best mobile banking app An exceptional app with user friendly interface. So many exclusive features. Good  job, guys!",0
meh ka meh ka chox sag olun Pasha Bank,0
Perfect Ochen udobno v ispolzovanii !! Spasibo!!!,0
cool tak derjat,0
Klassnoe prilojenie Spasibo razrabotchikam ochen udobno!,0
Super Super,0
One of the most important app for me wish you all success in future appâ€™s development.,0
Mobile Bankinq klyovo,0
Mobil bank Prekrasno,0
SMM995 Access screen great,0
ĞŸĞ°Ñ€ĞºĞ¾Ğ²ĞºĞ° Ğ£Ğ½Ğ¸ĞºĞ°Ğ»ÑŒĞ½Ğ°Ñ ÑƒÑĞ»ÑƒĞ³Ğ° Ğ´Ğ»Ñ Ğ¾Ğ¿Ğ»Ğ°Ñ‚Ñ‹ Ğ¿Ğ°Ñ€ĞºĞ¾Ğ²Ğ¾Ğº. ĞÑ‡ĞµĞ½ÑŒ ĞºĞ»Ğ°ÑĞ½Ğ¾.,0
paymet so easy to pay,0
Rahat Kart amaliyyatlarina cox rahat nazarat etmak olur.,0
)) ĞĞ¾Ğ²Ñ‹Ğ¹ Ğ´Ğ¸Ğ·Ğ°Ğ¹Ğ½ Ğ¿Ğ¾Ñ€Ğ°Ğ¶Ğ¾Ğ²Ğ°Ğ»,0
Parking Parking xidmeti cox rahatdir,0
"Iwlemir Yeniledim, programm acilmir. Ancag Logo gosterir, ve programm baglanir. Bunnan gabag iwledirdim. Indi iwlemir. Iphone 4s 64gb",1
ĞšÑ€ÑƒÑ‚Ğ¾ Ğ’ÑĞµ Ğ¾Ğ¿Ğ»Ğ°Ñ‚Ñ‹ Ğ¿Ñ€Ğ¾Ñ…Ğ¾Ğ´ÑÑ‚.,0
No connection Program iwlemir yeni dizayna kecenden coxlu lag var,1
Super ĞÑ‡ĞµĞ½ÑŒ ÑƒĞ´Ğ¾Ğ±Ğ½Ğ¾,0
great great,0
yenilenmede problem yenilenenden sonra iphone 4 modellerinde daxil olmur ekran da pasa bankin logosu donub qalir,1
Berbad Yeni versiya islemir,1
Best Amazing app!!!,0
Super Super,0
"ĞĞµ Ñ€Ğ°Ğ±Ğ¾Ñ‚Ğ°ĞµÑ‚ ĞŸĞ¾ÑĞ»Ğµ Ğ¾Ğ±Ğ½Ğ¾Ğ²Ğ»ĞµĞ½Ğ¸Ñ ĞŸÑ€Ğ¸Ğ»Ğ¾Ğ¶ĞµĞ½Ğ¸Ğµ Ğ»Ğ¸Ğ±Ğ¾ Ğ·Ğ°Ğ²Ğ¸ÑĞ°ĞµÑ‚ Ğ¿Ğ¾ÑĞ»Ğµ Ğ²Ğ²Ğ¾Ğ´Ğ° Ğ¿Ğ¸Ğ½-ĞºĞ¾Ğ´Ğ° , Ğ»Ğ¸Ğ±Ğ¾ ÑÑ€Ğ°Ğ·Ñƒ Ğ¶Ğµ Ğ¿Ğ¾ÑĞ»Ğµ Ğ¿Ğ¾ÑĞ²Ğ»ĞµĞ½Ğ¸Ñ Ğ»Ğ¾Ğ³Ğ¾Ñ‚Ğ¸Ğ¿Ğ° Ğ±Ğ°Ğ½ĞºĞ°.",1
problem salam mene sonuncu yenilenme gelmeib ve men mobil elaveni istifade ede bilmirem,0
"Xeta Salam axshaminiz xeyir , mende iphone 4s telefonudu ,proqram yenilenenden sonra xeta baw verir , proqrama daxil ola bilmirem zehmet olmasa bu xetaya care yolu tapasiniz",1
"ĞĞµ Ñ€Ğ°Ğ±Ğ¾Ñ‚Ğ°ĞµÑ‚ ĞŸĞ¾ÑĞ»Ğµ Ğ¿Ğ¾ÑĞ»ĞµĞ´Ğ½ĞµĞ³Ğ¾ Ğ¾Ğ±Ğ½Ğ¾Ğ²Ğ»ĞµĞ½Ğ¸Ñ Ğ½Ğµ Ğ²Ğ¾Ğ·Ğ¼Ğ¾Ğ¶Ğ½Ğ¾ Ğ¾Ğ¿Ğ»Ğ°Ñ‡Ğ¸Ğ²Ğ°Ñ‚ÑŒ Ñ‡Ñ‚Ğ¾ Ğ»Ğ¸Ğ±Ğ¾, Ğ¿Ğ¾ÑĞ»Ğµ Ğ½Ğ°Ğ¶Ğ°Ñ‚Ğ¸Ñ ĞŸĞ»Ğ°Ñ‚Ñ‘Ğ¶ Ğ½ĞµÑ‚Ñƒ ÑĞ¿Ğ¸ÑĞºĞ°, Ğ½ĞµÑ‚Ñƒ Ğ²Ğ¾Ğ¾Ğ±Ñ‰Ğµ Ğ½Ğ¸Ñ‡ĞµĞ³Ğ¾, Ğ¿Ñ€Ğ¾ÑÑ‚Ğ¾ Ğ¿ÑƒÑÑ‚Ğ°Ñ ÑÑ‚Ñ€Ğ°Ğ½Ğ¸Ñ†Ğ°, Ğ¸ÑĞ¿Ñ€Ğ°Ğ²ÑŒÑ‚Ğµ...",1
Great! Thanks for hard work.,0
"Good job! Nice design, works well.",0
Giris Yenileyenden sonra niye daxil olmaq mumkun olmur? Evvelki dizayn daha sade ve gozel idi.,1
Super Rehmetliy Enisteyin Bilse Idi Bu Qeder Asant Dunya Olacag Hec Atomu Bolmezdi ğŸ˜‚ğŸ˜‚ğŸ˜‚,0
Orxan Haciyev ğŸ‘ğŸ»ğŸ‘ğŸ»ğŸ‘ğŸ»,0
Ela!!! cox ela hazirlanib tesekkurler size.,0
Didnâ€™t work and couldnâ€™t be updated why? !!!,1
Super Cox sade ve gozel proqramdi. Emeyi kecenlere tesekkur,0
"Ã‡ox rahat vÉ™ sÃ¼rÉ™tli PaÅŸa BankÄ±n mobil proqramÄ± Ã§ox rahat vÉ™ sÃ¼rÉ™tlidir, demÉ™k olar bÃ¼tÃ¼n elektron Ã¶dÉ™mÉ™lÉ™ri bir necÉ™ saniyÉ™dÉ™ icra edÉ™ bilirÉ™m, Bu proqrama gÃ¶rÉ™ PaÅŸa banka Ã¶z tÉ™ÅŸÉ™kkÃ¼rÃ¼mÃ¼ bildirirÉ™m!",0
Very useful app Ã‡ox rahat vÉ™ sadedir,0
"Pis deyil proqrami yukledim lakin chashdirici bir mesele var. sizin proqramin detali haqqinda yqzilub ki """"""""pasha bank"""""""" kartlari ile odemek olar lakin screenshotlarda diger banklarin da kartlarinin shekli vardir. Proqramin ozunde ise yuxaride Pasha Bank kartlari yazilib halbuki diger bankin kartinin da detallarini aktiv ede bildim. Umid edirem tehlukesizlik yuksek seviyyededir!",1
last update last update soo bad. every time error CM:12646,1
Complain My email address isnâ€™t found but Iâ€™m sure that my username and my password are correct,1
Very bad I can not use it on iphone x .do not download it,1
"Elxan please, free service",1
"Sorun var Merhaba, fraqmanlar aÃ§Ä±lÄ±yor, fakat filmler aÃ§Ä±lmÄ±yor, ara sÄ±ra dÃ¼zeliyor, kÄ±sa zaman sora yine aynÄ± problem oluyor, herhangi bir filme tÄ±kladÄ±ÄŸÄ±mda, baÄŸlqntÄ± kurulamadÄ± yeniden deneyin yazÄ±yor",1
Muhtesem Bunu cok sevdim,0
"Amazing! This is great that Netflix has become available globally.
Superb project!",0
â¤ï¸ Ã‡okk gÃ¼zelll,0
Ğ¡ÑƒĞ¿ĞµÑ€ğŸ‘ğŸ‘ğŸ‘ğŸ‘ğŸ‘ ĞÑ‡ĞµĞ½ÑŒ Ğ¿Ğ¾Ğ½Ñ€Ğ°Ğ²Ğ¸Ğ»ÑÑ ğŸ‘ğŸ‘ğŸ‘ğŸ‘ğŸ‘,0
FaydalÄ± proqramdÄ±r! BelÉ™ tÉ™tbiqlÉ™rin olmaÄŸÄ± Ã§ox yaxÅŸÄ±dÄ±r.,0
Mr_ZMA Very nice,0
Super! Very good!,0
Super Super,0
Red Hauz ÙƒÙ„ Ø´ÙŠ ğŸ‘ğŸ‘ğŸ‘,0
Thank you Very good,0
Massallah Bahcesi cox gozeldir ve odalar cox geniÅŸdir,0
ĞœĞ½Ğµ Ğ½Ñ€Ğ°Ğ²Ğ¸Ñ‚ÑÑ ĞÑ‡ĞµĞ½ÑŒ Ñ…Ğ¾Ñ€Ğ¾ÑˆĞµĞµ Ğ¿Ñ€ĞµĞ»Ğ¾Ğ¶ĞµĞ½Ğ¸ĞµğŸ˜ğŸ‘ğŸ½Ğ¿Ñ€Ğ¾ÑÑ‚Ğ¾ ÑÑƒĞ¿ĞµÑ€,0
"Apartment 18 Vake. Ğ­Ñ‚Ğ¾ ÑĞ°Ğ¼Ñ‹Ğ¹ Ñ‡Ğ¸ÑÑ‚Ñ‹Ğ¹ Ğ¸ ÑƒÑÑ‚Ğ½Ñ‹Ğ¹ Ğ°Ğ¿Ğ°Ñ€Ñ‚Ğ°Ğ¼ĞµĞ½Ñ‚ Ğ² Ğ¢Ğ±Ğ¸Ğ»Ğ¸ÑĞ¸! ĞÑ‚Ğ´ĞµĞ»ÑŒĞ½Ğ¾Ğµ ÑĞ¿Ğ°ÑĞ¸Ğ±Ğ¾ Ñ…Ğ¾Ğ·ÑĞ¹ĞºĞµ , Ğ¾Ñ‡ĞµĞ½ÑŒ Ğ´Ñ€ÑƒĞ¶ĞµĞ»ÑĞ±Ğ½Ğ°Ñ Ğ¸ Ğ³Ğ¾ÑÑ‚ĞµĞ¿Ñ€Ğ¸Ğ¸Ğ¼Ğ½Ğ°Ñ Ğ¶ĞµĞ½Ñ‰Ğ¸Ğ½Ğ°. Ğ¡Ğ¿Ğ°ÑĞ¸Ğ±Ğ¾ Ğ±Ğ¾Ğ»ÑŒÑˆĞ¾Ğµ , Ğ¼Ñ‹ ĞµÑ‰Ğµ Ğ¾Ğ±ÑĞ·Ğ°Ñ‚ĞµĞ»ÑŒĞ½Ğ¾ Ğ²ĞµÑ€Ğ½Ñ‘Ğ¼ÑÑ!",0
Best The best app for tourists!,0
"Exceptional Location We Enjoyed a lot, next year inshallah we will comeback to same place. Landlord also very helpful.",0
Super Super,0
Very good Apartment Center location,0
Very good Excellent,0
Mrtalik Super,0
"Mukemmel! Otelin sahipleri o kadar tatli hanimefendiler ki, yardimsever, guleruz, biz bir gun kala rezervasyon yaptik, hemde kopekle yerlesdik otele, her sey mukemmel gecdi, cok ferah tatli odalari var, kafesi cok hos. Kendilerine tesekkurlerimizi iletiyoruz, birdaha Alacatiya qidecek olursak mutlaka Monata donucez!)",0
A You are the BestğŸ˜,0
5 stars Very useful and comfortable app. Use long time.,0
"Orxan Nasirov ĞŸĞ¾Ğ½Ñ€Ğ°Ğ²Ğ¸Ğ»Ğ¾ÑÑŒ Ğ¿Ñ€Ğ°ĞºÑ‚Ğ¸Ñ‡ĞµÑĞºĞ¸ Ğ²ÑĞµ: Ğ¼ĞµÑÑ‚Ğ¾Ğ¿Ğ¾Ğ»Ğ¾Ğ¶ĞµĞ½Ğ¸Ğµ Ğ°Ğ¿Ğ°Ñ€Ñ‚Ğ°Ğ¼ĞµĞ½Ñ‚Ğ¾Ğ², Ğ¸Ğ½Ñ„Ñ€Ğ°ÑÑ‚Ñ€ÑƒĞºÑ‚ÑƒÑ€Ğ° Ğ²Ğ¾ĞºÑ€ÑƒĞ³ Ğ¶Ğ¸Ğ»ÑŒÑ, Ñ‡Ğ¸ÑÑ‚Ğ¾Ñ‚Ğ° Ğ² ĞºĞ²Ğ°Ñ€Ñ‚Ğ¸Ñ€Ğµ. ĞĞ¾ Ğ¾ÑĞ¾Ğ±ĞµĞ½Ğ½Ğ¾ Ğ¿Ğ¾Ğ½Ñ€Ğ°Ğ²Ğ¸Ğ»ÑÑ Ñ…Ğ¾Ğ·ÑĞ¸Ğ½, ĞºĞ¾Ñ‚Ğ¾Ñ€Ñ‹Ğ¹ Ğ±Ñ‹Ğ» Ğ¾Ñ‡ĞµĞ½ÑŒ Ğ¾Ñ‚Ğ·Ñ‹Ğ²Ñ‡Ğ¸Ğ²Ñ‹Ğ¼ Ğ¸ Ğ²Ğ½Ğ¸Ğ¼Ğ°Ñ‚ĞµĞ»ÑŒĞ½Ñ‹Ğ¼ ĞºĞ¾ Ğ²ÑĞµĞ¼ Ğ½Ğ°ÑˆĞ¸Ğ¼ Ğ¿Ğ¾Ğ¶ĞµĞ»Ğ°Ğ½Ğ¸ÑĞ¼ Ğ¸ Ğ¿Ñ€Ğ¾ÑÑŒĞ±Ğ°Ğ¼. Ğ£ Ğ½Ğ°Ñ Ğ±Ñ‹Ğ»Ğ¸ Ñ‚Ñ€Ğ¸ Ğ²Ğ¾Ğ»ÑˆĞµĞ±Ğ½Ñ‹Ñ… Ğ´Ğ½Ñ Ğ² Ğ‘Ğ°ĞºÑƒ.",0
BaÅŸarÄ±lÄ± Otel rezervasyonu ve ÅŸehir rehberi konusunda Ã§ok baÅŸarÄ±lÄ±,0
Super Good,0
batumi Ã§ooox beyendik. qarÅŸÄ±lama yaxÅŸÄ± otaglar tÉ™mizğŸ‘ğŸ¼,0
"Azure costline ĞÑ‚Ğ´Ñ‹Ñ…Ğ°Ğ»Ğ° Ğ² Ğ¸ÑĞ½Ğµ 2019, Ñ€Ğ°ÑĞ¿Ğ¾Ğ»Ğ¾Ğ¶ĞµĞ½Ğ¸Ğµ Ğ¾Ñ‚Ğ»Ğ¸Ñ‡Ğ½Ğ¾Ğµ, Ñ†ĞµĞ½Ğ° ÑĞ¾Ğ¾Ñ‚Ğ²ĞµÑ‚ÑÑ‚Ğ²ÑƒĞµÑ‚ ĞºĞ°Ñ‡ĞµÑÑ‚Ğ²Ñƒ, Ğ½Ğ°Ñ Ğ²ÑÑ‚Ñ€ĞµÑ‚Ğ¸Ğ»Ğ¸ Ğ¾Ñ‡ĞµĞ½ÑŒ Ğ´Ñ€ÑƒĞ¶ĞµĞ»ÑĞ±Ğ½Ğ¾, Ğ³Ğ¾Ğ²Ğ¾Ñ€Ğ¸Ğ»Ğ¸ Ğ½Ğ° Ñ€ÑƒÑÑĞºĞ¾Ğ¼ ÑĞ·Ñ‹ĞºĞµ, Ğ¿Ğ¾ÑĞ¾Ğ²ĞµÑ‚Ğ¾Ğ²Ğ°Ğ»Ğ¸ Ñ…Ğ¾Ñ€Ğ¾ÑˆĞ¸Ğµ Ğ¸ Ğ½ĞµĞ´Ğ¾Ñ€Ğ¾Ğ³Ğ¸Ğµ Ñ€ĞµÑÑ‚Ğ¾Ñ€Ğ°Ğ½Ñ‹ Ğ¿Ğ¾Ğ±Ğ»Ğ¸Ğ·Ğ¾ÑÑ‚Ğ¸ Ñ Ğ¾Ñ‡ĞµĞ½ÑŒ ĞºĞ°Ğ»Ğ¾Ñ€Ğ¸Ñ‚Ğ½Ğ¾Ğ¹ Ğ½Ğ°Ñ†Ğ¸Ğ¾Ğ½Ğ°Ğ»ÑŒĞ½Ğ¾Ğ¹ Ğ³Ñ€ÑƒĞ·Ğ¸Ğ½ÑĞºĞ¾Ğ¹ ĞºÑƒÑ…Ğ½ĞµĞ¹ Ğ¸ Ğ¾Ñ‚Ğ»Ğ¸Ñ‡Ğ½Ñ‹Ğ¼ Ğ³Ñ€ÑƒĞ·Ğ¸Ğ½ÑĞºĞ¸Ğ¼ Ğ²Ğ¸Ğ½Ğ¾Ğ¼. ĞŸĞ¾ Ñ€Ğ°ÑĞ¿Ğ¾Ğ»Ğ¾Ğ¶ĞµĞ½Ğ¸Ñ Ğ¿ĞµÑ€Ğ²Ğ°Ñ Ğ±ĞµÑ€ĞµĞ³Ğ¾Ğ²Ğ°Ñ Ğ»Ğ¸Ğ½Ğ¸Ñ, Ğ¿Ğ»ÑĞ¶ Ğ¿Ñ€ÑĞ¼Ğ¾ Ñƒ Ğ´Ğ¾Ğ¼Ğ°, Ğ¾Ğ³Ñ€Ğ¾Ğ¼Ğ½Ñ‹Ğ¹ Ğ±Ğ°Ğ»ĞºĞ¾Ğ½ Ñ Ğ²Ğ¸Ğ´Ğ¾Ğ¼ Ğ½Ğ° Ğ¼Ğ¾Ñ€Ğµ Ğ¸ Ğ¾Ğ±Ğ·Ğ¾Ñ€Ğ½Ñ‹Ğ¼ Ğ²Ğ¸Ğ´Ğ¾Ğ¼ Ğ½Ğ° Ğ‘Ğ°Ñ‚ÑƒĞ¼Ğ¸ Ğ¸ Ğ³Ğ¾Ñ€Ñ‹, Ğ¾Ñ‡ĞµĞ½ÑŒ ĞºÑ€Ğ°ÑĞ¸Ğ²Ğ¾, Ğ¾ÑĞ¾Ğ±ĞµĞ½Ğ½Ğ¾ Ğ»ÑƒĞ½Ğ½Ğ°Ñ Ğ´Ğ¾Ñ€Ğ¾Ğ¶ĞºĞ° Ğ½Ğ¾Ñ‡ÑŒÑ, Ğ¾Ñ‡ĞµĞ½ÑŒ Ñ€Ğ¾Ğ¼Ğ°Ğ½Ñ‚Ğ¸Ñ‡Ğ½Ğ¾. ĞĞ¸Ñ‡ĞµĞ¼ Ğ½Ğµ ÑƒÑÑ‚ÑƒĞ¿Ğ°ĞµÑ‚ Ğ¾Ñ‚Ğ´Ñ‹Ñ…Ñƒ Ğ² Ñ‚ÑƒÑ€ĞµÑ†ĞºĞ¸Ñ… Ğ¿ÑÑ‚Ğ¸Ğ·Ğ²ĞµĞ·Ğ´Ğ¾Ñ‡Ğ½Ñ‹Ñ… Ğ¾Ñ‚ĞµĞ»ÑÑ… Ñ‚Ğ¾Ğ»ÑŒĞºĞ¾ Ğ² Ñ€Ğ°Ğ·Ñ‹ Ğ´ĞµÑˆĞµĞ²Ğ»Ğµ Ğ¸ ĞµÑÑ‚ÑŒ ÑĞ¾Ğ±ÑÑ‚Ğ²ĞµĞ½Ğ½Ğ°Ñ ĞºÑƒÑ…Ğ½Ñ ÑĞ¾ Ğ²ÑĞµĞ¼Ğ¸ ÑƒĞ´Ğ¾Ğ±ÑÑ‚Ğ²Ğ°Ğ¼Ğ¸. ĞĞ¾Ğ¼ĞµÑ€ Ğ¿Ñ€Ğ¾ÑÑ‚Ğ¾Ñ€Ğ½Ñ‹Ğ¹, Ñ‡Ğ¸ÑÑ‚Ñ‹Ğ¹, Ğ²ÑÑ Ğ¼ĞµĞ±ĞµĞ»ÑŒ Ğ½Ğ¾Ğ²Ğ°Ñ ÑĞ¾Ğ²Ñ€ĞµĞ¼ĞµĞ½Ğ½Ğ°Ñ, ĞºÑ€Ğ¾Ğ²Ğ°Ñ‚ÑŒ ÑƒĞ´Ğ¾Ğ±Ğ½Ğ°Ñ, Ğ¸Ğ´ĞµĞ°Ğ»ÑŒĞ½Ğ¾ Ğ¿Ğ¾Ğ´Ñ…Ğ¾Ğ´Ğ¸Ñ‚ Ğ´Ğ»Ñ Ğ±Ğ¾Ğ»ÑŒÑˆĞ¾Ğ¹ ÑĞµĞ¼ÑŒĞ¸. Ğ’Ğ¾Ğ¾Ğ±Ñ‰ĞµĞ¼ Ğ¾Ğ±ÑĞ·Ğ°Ñ‚ĞµĞ»ÑŒĞ½Ğ¾ Ğ²ĞµÑ€Ğ½ĞµĞ¼ÑÑ Ğ² ÑĞ»ĞµĞ´ÑƒÑÑ‰ĞµĞ¼ Ğ³Ğ¾Ğ´Ñƒ !",0
Elite Super,0
Super Best one,0
Aysel SuperğŸ‘ğŸ»,0
like i like it ğŸ–¤,0
Super helpful app! I am in love with your services!,0
Gozel Ela,0
5 star Very good,0
Ploxo Cudia dzalian,0
Good Very good,0
Evinizi aratmayacak otel Ä°stanbula geldiÄŸimde kendimi evimde histteÄŸimiz tek yer Ã§alÄ±ÅŸan personal gÃ¼leryÃ¼zlÃ¼ profesyonel bir otel Ã¶zellikle Ã¶n bÃ¼roda bellboy furkan beyin ilgisinden dolayÄ± Ã§ok teÅŸekkÃ¼r ederim,0
Very good Nice and handy application,0
Koliba Super,0
My favori te app for trips Very easy for use and helpful app,0
Æla Superrrrrrrrr,0
Ummu Zeyd ğŸ‘,0
ĞÑ‡ĞµĞ½ÑŒ Ñ…Ğ¾Ñ€Ğ¾ÑˆĞ¸Ğ¹ ĞÑ‡ĞµĞ½ÑŒ Ñ…Ğ¾Ñ€Ğ¾ÑˆĞ¾ Ğ²ÑĞµ,0
Hi Goood,0
Kama Excellent!,0
Very bad Very bad,1
Me Thy,1
Super booking Booking bir super,0
Super Otlichno,0
Improving The app is becoming better every single day.,0
"-1 Ğ”Ğ²Ğ° Ñ€Ğ°Ğ·Ğ° Ğ¾Ñ‚Ğ¼ĞµĞ½ÑÑÑ‚ Ğ±Ñ€Ğ¾Ğ½ÑŒ Ğ² Ğ¿Ğ¾ÑĞ»ĞµĞ´Ğ½Ğ¸Ğ¹ Ğ¼Ğ¾Ğ¼ĞµĞ½Ñ‚,Ğ¼Ğ½Ğµ ĞºĞ°Ğ¶ĞµÑ‚ÑŒÑÑ Ğ°Ğ¿Ğ°Ñ€Ñ‚Ğ°Ğ¼ĞµĞ½Ñ‚Ñ‹ Ñ„Ğ°Ğ¹ĞºĞ¾Ğ²Ñ‹Ğµ! Ğ¿Ñ€Ğ¸Ğ»Ğ¾Ğ¶ĞµĞ½Ğ¸Ğµ Ğ²Ñ€Ğ¾Ğ´Ğµ Ğ½Ğµ Ğ¿Ğ»Ğ¾Ñ…Ğ¾Ğµ,Ğ½Ğ¾ Ğ½Ğµ ÑĞºĞµĞ¼ ÑĞ²ÑĞ·Ğ°Ñ‚ÑŒÑÑ,ÑĞºĞ°Ğ·Ğ°Ñ‚ÑŒ Ğ¿Ñ€Ğ¾Ğ±Ğ»ĞµĞ¼Ñƒ ÑĞ²Ğ¾Ñ!",1
Good Easy and simple to use . Helpful and useful,0
Super ğŸ‘ğŸ»ğŸ‘ğŸ»ğŸ‘ğŸ»ğŸ‘ğŸ»,0
Ramid.Maharramov good luck,0
Samaxi 5+,0
Booking So enjoyable app.,0
"Ğ‘Ğ»Ğ°Ğ³Ğ¾Ğ´Ğ°Ñ€Ğ½Ğ¾ÑÑ‚ÑŒ ÑĞ¾Ğ·Ğ´Ğ°Ñ‚ĞµĞ»ÑĞ¼! ĞÑ‡ĞµĞ½ÑŒ ÑƒĞ´Ğ¾Ğ±Ğ½Ğ¾Ğµ Ğ¸ Ğ¿Ñ€Ğ¾Ğ´ÑƒĞ¼Ğ°Ğ½Ğ½Ğ¾Ğµ Ğ¿Ñ€Ğ¸Ğ»Ğ¾Ğ¶ĞµĞ½Ğ¸Ğµ. Ğ’ÑÑ‘, Ñ‡Ñ‚Ğ¾ Ğ½ÑƒĞ¶Ğ½Ğ¾.",0
Nice Your trips are managed here,0
"My bookings review Pls, make opportunity to see my bookings offline.",0
Ğ¼Ğ½Ğµ Ğ½Ñ€Ğ°Ğ²Ğ¸Ñ‚ÑŒÑÑ Ğ²ÑĞµ ÑƒĞ´Ğ¾Ğ±Ğ½Ğ¾ Ğ¾ĞºĞ°Ğ¹,0
Eldorado Otlichno,0
User-friendly! Excellent!,0
ĞœĞ°Ğ¼ĞµĞ´Ğ¾Ğ² Ğ. ĞĞµ ÑĞ¾Ğ²ĞµÑ‚ÑƒÑ Ğ¾ÑÑ‚Ğ°Ğ²Ğ°Ñ‚ÑŒÑÑ Ğ² ÑÑ‚Ğ¾Ğ¼ Ğ¾Ñ‚ĞµĞ»Ğµ Ğ¿Ğ¾ Ğ¼Ğ½Ğ¾Ğ³Ğ¸Ğ¼ Ğ¿Ñ€Ğ¸Ñ‡Ğ¸Ğ½Ğ°Ğ¼......,1
"Ğ“Ğ°ÑˆĞ°Ğ»Ñ‚Ñ‹ ĞÑ‚ĞµĞ»ÑŒ ĞĞ°Ñ„Ñ‚Ğ°Ğ»Ğ°Ğ½ ĞÑ‚ĞµĞ»ÑŒ , ĞµĞ´Ğ° Ğ²ÑĞµ Ğ¡ÑƒĞ¿ĞµÑ€",0
5 Super,0
ok ok,0
Ğ¡Ğ¿Ğ°ÑĞ¸Ğ±Ğ¾ ĞÑ‡ĞµĞ½ÑŒ Ğ¼Ğ¸Ğ»Ğ¾. Ğ¡Ğ¿Ğ°ÑĞ¸Ğ±Ğ¾,0
Great Perfect application,0
ĞÑ‚ĞµĞ»ÑŒ ĞÑ‡ĞµĞ½ÑŒ Ğ¼Ğ¾Ğ±Ğ¸Ğ»ÑŒĞ½Ğ¾ Ğ¸ ÑƒĞ´Ğ¾Ğ±Ğ½Ğ¾,0
Teshekkur Yene Teshekkur,0
Ğ¥*Ğ¹ Ğ¼ÑƒÑĞ¾Ñ€Ğ°Ğ¼ ĞÑ‚Ğ»Ğ¸Ñ‡Ğ½Ğ°Ñ Ğ¿Ñ€Ğ¾Ğ³Ñ€Ğ°Ğ¼Ğ¼Ğ°,0
Love app. Very fast and organized,0
Ğ¡Ğ°Ğ¼Ñ‹Ğ¹ ÑƒĞ´Ğ¾Ğ±Ğ½Ñ‹Ğ¹ ÑĞ°Ğ¹Ñ‚ Ğ´Ğ¾Ñ Ğ±Ñ€Ğ¾Ğ½Ğ¸Ñ€Ğ¾Ğ²Ğ°Ğ½Ğ¸Ñ! Ğ’ÑĞµ ÑĞ²Ğ¾Ğ¸ Ğ¿Ğ¾ĞµĞ·Ğ´ĞºĞ¸ Ğ±ÑƒĞºĞ¸Ñ€ÑƒÑ Ğ½Ğ° ÑÑ‚Ğ¾Ğ¼ ÑĞ°Ğ¹Ñ‚Ğµ. ĞĞ½Ğ¸ Ğ½Ğ¸ĞºĞ¾Ğ³Ğ´Ğ° Ğ¼ĞµĞ½Ñ Ğ½Ğµ Ğ¿Ğ¾Ğ´Ğ²Ğ¾Ğ´Ğ¸Ğ»Ğ¸. Ğ¡Ğ¿Ğ°ÑĞ¸Ğ±Ğ¾!,0
"Comforty Cery easy, comfortable and reliable!",0
Kenan Otlicnoye prilojeniye,0
T.Tofigh Thanks a lot for flexibility,0
Thank you Very goodğŸ‘ğŸ‘ğŸ‘,0
Renka Useful,0
Perfect Æla xidmÉ™t,0
Best app Thanks a lot for best app,0
"Booking ĞÑ‡ĞµĞ½ÑŒ Ğ½ĞµÑƒĞ´Ğ¾Ğ±Ğ½Ğ¾Ğµ Ğ¼ĞµĞ½Ñ. ĞĞ° Ğ°Ğ½Ğ´Ñ€Ğ¾Ğ¸Ğ´Ğµ Ğ¿Ñ€Ğ¾Ğ±Ğ¾Ğ²Ğ°Ğ», Ğ²Ğ¾ ÑÑ‚Ğ¾ Ñ€Ğ°Ğ· Ğ»ÑƒÑ‡ÑˆĞµ. Ğ’Ñ‹Ğ»ĞµĞ·Ğ°ĞµÑ‚ Ğ²ÑĞµ Ğ¿Ğ¾ Ğ±Ğ¾ĞºĞ°Ğ¼, Ğ½Ğ° Ğ¾ÑĞ½Ğ¾Ğ²Ğ½ÑƒÑ Ğ¸Ğ½Ñ„Ğ¾ Ğ¿Ğ¾ Ğ¾Ñ‚ĞµĞ»Ñ Ğ¾ÑÑ‚Ğ°Ğ²Ğ¸Ğ»Ğ¸ Ğ¼Ğ°Ğ»Ğ¾ Ğ¼ĞµÑÑ‚Ğ°, Ğ¿ĞµÑ€ĞµÑÑ‚Ğ°Ğ»Ğ¾ Ğ¿Ğ¾ĞºĞ°Ğ·Ñ‹Ğ²Ğ°Ñ‚ÑŒ ĞºĞ²Ğ°Ğ´Ñ€Ğ°Ñ‚ÑƒÑ€Ñƒ",1
Cool Koll,0
Booking Very quick no time consuming and very effective,0
Superrrr Superrrr,0
Super Super!!!,0
Perfect Perfect,0
"** ĞÑ‚Ğ»Ğ¸Ñ‡Ğ½Ğ¾Ğµ ÑƒÑÑ‚Ğ½Ğ¾Ğµ Ğ¼ĞµÑÑ‚Ğ¾ Ğ¾ÑĞ¾Ğ±ĞµĞ½Ğ½Ğ¾ Ğ´Ğ»Ñ Ñ‚ĞµÑ… ĞºÑ‚Ğ¾ Ğ¼ĞµÑ‡Ñ‚Ğ°ĞµÑ‚ Ğ¾Ñ‚Ğ´Ğ¾Ñ…Ğ½ÑƒÑ‚ÑŒ Ğ¾Ñ‚ ÑÑƒĞµÑ‚Ñ‹ Ğ¼ĞµĞ³Ğ°Ğ¿Ğ¾Ğ»Ğ¸ÑĞ°, Ğ½Ğ°ÑĞ»Ğ°Ğ´Ğ¸Ñ‚ÑŒÑÑ ĞºÑ€Ğ°ÑĞ¾Ñ‚Ğ¾Ğ¹ Ğ¿Ñ€Ğ¸Ñ€Ğ¾Ğ´Ñ‹. ĞÑ‚ĞµĞ»ÑŒ Ñ‡Ğ¸ÑÑ‚Ñ‹Ğ¹ ğŸ‘ğŸ», Ğ¿ĞµÑ€ÑĞ¾Ğ½Ğ°Ğ» Ğ¿Ñ€Ğ¸Ğ²ĞµÑ‚Ğ»Ğ¸Ğ²Ñ‹Ğ¹ Ğ¸ Ğ¾Ñ‡ĞµĞ½ÑŒ Ğ³Ğ¾ÑÑ‚ĞµĞ¿Ñ€Ğ¸Ğ¸Ğ¼Ğ½Ñ‹Ğ¹.
Ğ¢Ñ€Ğ°Ğ½ÑÑ„ĞµÑ€ Ğ²ÑĞµĞ³Ğ´Ğ° Ğº Ğ²Ğ°ÑˆĞ¸Ğ¼ ÑƒÑĞ»ÑƒĞ³Ğ°Ğ¼.
ĞœĞµĞ½ĞµĞ´Ğ¶ĞµÑ€ Ğ¾Ñ‚ĞµĞ»Ñ Ğ¼Ğ¾Ğ¶ĞµÑ‚ Ğ¿Ñ€ĞµĞ´Ğ»Ğ¾Ğ¶Ğ¸Ñ‚ÑŒ Ğ²Ğ°Ğ¼ Ğ¸Ğ½Ñ‚ĞµÑ€ĞµÑĞ½Ñ‹Ğµ ÑĞºÑĞºÑƒÑ€ÑĞ¸Ğ¸, Ğ½Ğµ Ğ¿Ğ¾Ğ¶Ğ°Ğ»ĞµĞµÑ‚ĞµğŸ‘ğŸ»",0
Very good and easy Very good and easy,0
Simply The Best! Just the best booking app!,0
"Cok iyi Biz bu oteli cok beyendik. Otel ayrintilarinda yazildigi gibi guzel odalari, temiz carsaplari ve guzel yemekleri var. Orhan beye ayrica tesekkurlerimi belirtmek isderim. Hersey gonlumuzce oldu bize orda yabanci oldugumuzu bile hiss etdirmedilerğŸ‘ğŸ»",0
My Number1 travel mate Number 1 choice for travel reservations. Genius membership opens new promotions and discounts.,0
In heart of Baku The best App ever,0
Good Good app,0
Emin Ğ›ÑƒÑ‡ÑˆĞµĞµ Ğ¿Ñ€Ğ¸Ğ»Ğ¾Ğ¶ĞµĞ½Ğ¸Ğµ ÑÑ€ĞµĞ´Ğ¸ Ğ²ÑĞµÑ…,0
Notngood stay in London ğŸ¤”ğŸ˜”,1
"irreplaceable app Great app, great project",0
"booking was never easy as here I love to book hotels from booking.com. 
Simple, easy, reliable, best price, amazing customer service, and many more words to express my gratitude to them",0
"Booked hotel in Istanbul Very useful and easy in implementation, I am satisfied",0
Benim istediÄŸim GÃ¼zel Ã§ok gÃ¼zel,0
ğŸ‘ğŸ‘ğŸ‘ ğŸ‘ğŸ‘ğŸ‘,0
Super Super,0
Ğ’ĞµĞ»Ğ¸ĞºĞ¾Ğ»ĞµĞ¿Ğ½Ğ¾!!! ĞœĞ¾Ğ»Ğ¾Ğ´Ñ†Ñ‹ ĞºĞ¾Ğ¼Ğ°Ğ½Ğ´Ğ°!!!,0
Kruto Super udobnaya prilojeniya,0
wow wow,0
Super Super super super,0
Its very good Super,0
"ĞŸÑ€ĞµĞ´Ğ»Ğ¾Ğ¶ĞµĞ½Ğ¸Ñ ĞÑ‚ĞµĞ»Ğ¸ Ğ¸Ğ½Ğ¾Ğ³Ğ´Ğ° Ğ±Ğ»Ğ¾ĞºĞ¸Ñ€ÑƒÑÑ‚ Ğ´ĞµĞ½ÑŒĞ³Ğ¸ Ğ½ĞµĞ¿Ñ€ĞµĞ´ÑƒĞ¿Ñ€ĞµĞ´Ğ¸Ğ² Ğ·Ğ°Ñ€Ğ°Ğ½Ğ¸Ñ. 
ĞŸÑ€Ğ¾ÑˆÑƒ ĞºĞ¾Ğ½Ñ‚Ñ€Ğ¾Ğ»Ğ¸Ñ€ÑƒĞ¹Ñ‚Ğµ Ğ¿Ğ¾Ğ¶Ğ°Ğ»ÑƒĞ¹ÑÑ‚Ğ°.",1
Great app 5 star,0
"Great app Booking com is my favorite for all types of trips arrangements both personal and business. Very handy user interface, fast responding, easy to navigate, etc.",0
The best booking app Service 10 of 10 as well as prices.,0
ğŸ‘ŒğŸ½ ğŸ‘ğŸ¼ğŸ‘ğŸ¼ğŸ‘ğŸ¼ğŸ‘ŒğŸ½,0
boooking ğŸ‘ğŸ»ğŸ‘ğŸ»ğŸ‘ğŸ»ğŸ‘ğŸ»,0
ĞÑ‚Ğ·Ñ‹Ğ² Excellent,0
Very good Easy to book and manage your bookings. Perfect,0
Anar Excellent!!!,0
Booking.com Perfect application ğŸ‘,0
ĞœĞ¾Ğ»Ğ¾Ğ´Ñ†Ñ‹ Ğ¢Ğ°Ğº Ğ´ĞµÑ€Ğ¶Ğ°Ñ‚ÑŒ),0
ĞÑ‚Ğ»Ğ¸Ñ‡Ğ½Ğ¾ ĞÑ‚Ğ»Ğ¸Ñ‡Ğ½Ğ¾Ğµ Ğ¿Ñ€Ğ¸Ğ»Ğ¾Ğ¶ĞµĞ½Ğ¸Ğµ!,0
"Radisson Blu Daugava Ğ Ğ¸Ğ³Ğ° ĞÑ‡ĞµĞ½ÑŒ Ğ¿Ğ¾Ğ½Ñ€Ğ°Ğ²Ğ¸Ğ»Ğ°ÑÑŒ Ñ‚Ñ‘Ğ¿Ğ»Ğ°Ñ Ğ°Ñ‚Ğ¼Ğ¾ÑÑ„ĞµÑ€Ğ° Ğ² Ğ¾Ñ‚ĞµĞ»Ğµ, Ğ½ĞµÑĞ¼Ğ¾Ñ‚Ñ€Ñ Ğ½Ğ° Ñ‚Ğ¾, Ñ‡Ñ‚Ğ¾ Ğ¾Ñ‚ĞµĞ»ÑŒ Ğ½Ğµ Ğ½Ğ¾Ğ²Ñ‹Ğ¹, Ğ¼ĞµÑÑ‚Ğ¾ Ñ€Ğ°ÑĞ¿Ğ¾Ğ»Ğ¾Ğ¶ĞµĞ½Ğ¸Ğµ Ğ·Ğ°Ğ¼ĞµÑ‡Ğ°Ñ‚ĞµĞ»ÑŒĞ½Ğ¾Ğµ Ğ¸ Ğ¾Ñ‡ĞµĞ½ÑŒ Ğ¾Ñ‚Ğ·Ñ‹Ğ²Ñ‡Ğ¸Ğ²Ñ‹Ğ¹ Ğ¿ĞµÑ€ÑĞ¾Ğ½Ğ°Ğ», Ğ¾ÑĞ¾Ğ±ĞµĞ½Ğ½Ğ¾ Ñ…Ğ¾Ñ‡ĞµÑ‚ÑÑ Ğ¾Ñ‚Ğ¼ĞµÑ‚Ğ¸Ñ‚ÑŒ Ğ¿ĞµÑ€ÑĞ¾Ğ½Ğ°Ğ» Ñ€ĞµÑÑ‚Ğ¾Ñ€Ğ°Ğ½Ğ° Ğ² Ñ‡Ğ°ÑÑ‚Ğ½Ğ¾ÑÑ‚Ğ¸ Ğ’ĞµÑ€Ğ¾Ğ½Ğ¸ĞºÑƒ, ĞµĞ´Ğ° Ñ€ĞµÑÑ‚Ğ¾Ñ€Ğ°Ğ½Ğ° Ğ¾Ñ‡ĞµĞ½ÑŒ ĞºĞ°Ñ‡ĞµÑÑ‚Ğ²ĞµĞ½Ğ½Ğ°Ñ Ğ¸ Ğ²ÑĞµĞ³Ğ´Ğ° ÑĞ²ĞµĞ¶Ğ°Ñ, ĞºÑƒÑ…Ğ½Ñ ÑÑ‚Ğ°Ñ€Ğ°ĞµÑ‚ÑÑ Ğ²Ğ¾ Ğ²ÑÑ.
ĞÑ‚Ğ´ĞµĞ»ÑŒĞ½Ğ°Ñ Ğ±Ğ»Ğ°Ğ³Ğ¾Ğ´Ğ°Ñ€Ğ½Ğ¾ÑÑ‚ÑŒ Ğ±Ğ°Ñ€Ğ¼ĞµĞ½Ğ°Ğ¼, Ñ€Ğ°Ğ±Ğ¾Ñ‚Ğ°ÑÑ‰Ğ¸Ñ… Ğ¿Ñ€Ğ¸ Ñ€ĞµÑÑ‚Ğ¾Ñ€Ğ°Ğ½Ğµ.
Ğ’ÑĞµ ÑÑ‚Ğ¾ Ğ¾ÑÑ‚Ğ°Ğ²Ğ»ÑĞµÑ‚ Ğ¾Ñ‡ĞµĞ½ÑŒ Ğ¿Ñ€Ğ¸ÑÑ‚Ğ½Ñ‹Ğµ Ğ²Ğ¿ĞµÑ‡Ğ°Ñ‚Ğ»ĞµĞ½Ğ¸Ñ.",0
ğŸ‘âœ¨ğŸ‘ ğŸ‘âœ¨,0
Good Very usefull,0
Love One of the most useful and convenient apps I've ever used.,0
super super,0
ğŸ‘ğŸ‘ğŸ‘ğŸ‘ğŸ‘ Super,0
Fine Super,0
Great app! It is like magical thing which helps to find suitable venues to stay in any range of price. It has really user-friendly structure.,0
Luxe Lankaran Hotel Konfortu ve yerleÅŸdiyi yeri cox bÉ™yÉ™ndik.qiymÉ™tlÉ™r sÉ™rfÉ™li idi.Hotelin personali cox yardm sever ve diqqetcildirlÉ™r.,0
Hizmet super Yaxwi pragramdi iwimizi daha coz asanlawdirir,0
Cheaper than in hotel Book online to get better deals,0
Best application! I am completely satisfied by this application. I have few problems with the credit cards and blocked payments by hotels and your employers always assists me in solving problems. Great opportunaty to book hotels and save money with genius advantage!,0
Good Easy to find hotels,0
Good app Good application,0
Amazing Super!,0
ĞĞ¸ĞºĞ¾Ğ³Ğ´Ğ° Ğ½Ğµ Ğ¿Ğ¾Ğ´Ğ²Ğ¾Ğ´Ğ¸Ğ»Ğ¾ ĞÑ‚Ğ»Ğ¸Ñ‡Ğ½Ğ¾Ğµ Ğ¿Ñ€Ğ¸Ğ»Ğ¾Ğ¶ĞµĞ½Ğ¸Ğµ Ğ´Ğ»Ñ Ğ¿Ğ¾Ğ¸ÑĞºĞ° Ğ¸ Ğ±Ñ€Ğ¾Ğ½Ğ¸Ñ€Ğ¾Ğ²Ğ°Ğ½Ğ¸Ñ. ĞĞ¸ĞºĞ¾Ğ³Ğ´Ğ° Ğ½Ğµ Ğ¿Ğ¾Ğ´Ğ²Ğ¾Ğ´Ğ¸Ğ»Ğ¾.,0
Super Superrr app,0
Super Excellent app,0
Good! Your best travel assistant.!,0
Booking Bellisimo,0
"Mr Ilyas Very convenient
User friendly
All issues are handled promptly",0
Very good I really enjoy this app. It makes easy to travel around the world.,0
Booking âœŒğŸ»,0
Good Good!,0
Ã‡ok gÃ¼zel! Bu application a bayiliyorum!,0
ĞÑ‚ĞµĞ»ÑŒ Ğ¼Ğ¸Ñ€ ĞÑ‡ĞµĞ½ÑŒ Ğ¿Ğ¾Ğ¼Ğ¾Ğ³Ğ»Ğ¾ Ğ¿Ñ€Ğ¸Ğ»Ğ¾Ğ¶ĞµĞ½Ğ¸Ğµ ĞºĞ°Ğº Ğ² Ğ¢Ğ±Ğ¸Ğ»Ğ¸ÑĞ¸ Ñ‚Ğ°Ğº Ğ¸ Ğ² ĞšĞ¸ĞµĞ²Ğµ,0
Orkhan super,0
Super Thanks a lot!,0
SÃ¼per Bu uygulama cok gÃ¼zel ve pratik. Parayi baya ekonomik etti,0
Ğ™Ğ¾Ğ½Ğ´Ñƒ ĞÑ‚Ğ»Ğ¸Ñ‡Ğ½Ğ¾! Ğ£Ğ´Ğ¾Ğ±Ğ½Ğ¾,0
super great,0
Useful application Very useful application. I have used it for years and never regretted about it,0
Best app!! So creat,0
Azerbaijan Very nice...,0
Review Brilliant service,0
The best application Very very comfortable application for bookings,0
Program Good,0
"ĞÑ‚Ğ»Ğ¸Ñ‡Ğ½Ğ¾Ğµ Ğ¿Ñ€Ğ¸Ğ»Ğ¾Ğ¶ĞµĞ½Ğ¸Ğµ ĞŸĞ¾Ğ»ÑŒĞ·ÑƒÑÑÑŒ Ğ´Ğ»Ñ Ğ±ÑƒĞºĞ¸Ğ½Ğ³Ğ° ĞºĞ°Ğº Ğ² ĞĞ·ĞµÑ€Ğ±Ğ°Ğ¹Ğ´Ğ¶Ğ°Ğ½Ğµ, Ñ‚Ğ°Ğº Ğ¸ Ğ·Ğ° Ğ³Ñ€Ğ°Ğ½Ğ¸Ñ†ĞµĞ¹. ĞÑ‡ĞµĞ½ÑŒ ÑƒĞ´Ğ¾Ğ±Ğ½Ğ¾.",0
Booking Good program. Like this!,0
ĞÑ‚Ğ»Ğ¸Ñ‡Ğ½Ğ¾ ĞÑ‚Ğ»Ğ¸Ñ‡Ğ½Ğ¾Ğµ Ğ¿Ñ€Ğ¸Ğ»Ğ¾Ğ¶ĞµĞ½Ğ¸Ğµ,0
Ğ¾Ñ‚Ğ»Ğ¸Ñ‡Ğ½Ğ°Ñ Ğ¿Ñ€Ğ¾Ğ³Ğ°!! ÑÑƒĞ¿ĞµÑ€!!! ÑĞ¾Ğ²ĞµÑ‚ÑƒÑ Ğ²ÑĞµĞ¼ğŸ‘,0
Very bad and slow!! This app is very slow and full of bugs. It shuts down and loses all saved info and found hotels once you leave application ( when you are pressing main button in iphone/ipad)!,1
Very good Very good app,0
SUCH A GREAT APP THIS APP IS VERY USEFUL,0
Super Ochen pomogayet. Otlichno,0
"Very helpful and easy to use application! It is very easy to find a hotel or some place for different purposes. Dates and services can be chosen by wish, then simply can be found a list of hotels. Finally very useful program. Thanx to all of organizers.",0
Good Super))),0
Ayka super,0
super super,0
Ğ¡ÑƒĞ¿ĞµÑ€ ĞÑ‡ĞµĞ½ÑŒ ÑƒĞ´Ğ¾Ğ±Ğ½Ğ¾. ĞŸĞ»Ğ°Ğ²Ğ½Ğ¾ Ñ€Ğ°Ğ±Ğ¾Ñ‚Ğ°ĞµÑ‚.,0
app very nice app,0
Great Perfect. It is very great.,0
Ruslan Huseynov Ğ’Ñ‹ ĞĞ¾Ğ¼ĞµÑ€ 1 ! Ğ’ÑĞµĞ¼ Ğ’Ğ°Ğ¼ Ğ¡Ğ¿Ğ°ÑĞ¸Ğ±Ğ¾ !,0
"Bad Eta versiya u menya ne rabotayet, obnovlyala, potom booking voobshe ne otkrivalsa, vernulas k staroy versii. Ustranute prichinu",1
Booking ğŸ‘ğŸ‘ğŸ‘,0
Omarism I use it very often. It's just amazing.... Thanks,0
â­â­â­â­â­ super Super,0
Super programdir- haminiz yukleyin Butun oteller burdadi,0
"Very useful tool for hotel booking I'm happy with quality of services, but always there is something to improve.",0
ĞÑ‚Ğ»Ğ¸Ñ‡Ğ½Ğ¾ Ğ¥Ğ¾Ñ€Ğ¾ÑˆĞ¾ Ñ€Ğ°Ğ±Ğ¾Ñ‚Ğ°ĞµÑ‚ Ğ¸ Ğ¿Ñ€Ğ¸Ğ²Ğ»ĞµĞºĞ°Ñ‚ĞµĞ»Ğ½Ñ‹Ğ¹ Ğ¿Ñ€Ğ¾Ğ³Ñ€Ğ°Ğ¼Ğ¼Ğ°,0
So easy to book a room Super app. It is so easy to book a room all over the world with best rates!!!,0
Natiq Super,0
"Travel easy and stay in good hotels! It is a good application, because of giving you comfort searching of hotels.",0
A Xoroshaya vesh,0
Very vell Bravo!,0
Very good I like it,0
i like it i like it,0
"prosto super ocen ponravilsa!super!kak eto vse u vas polucayetsa?blaqodorya Vam,znayem vse ob otelyax Mira)))Thanks za to cto dumayete o Nas!ğŸ˜ğŸ˜ğŸ˜",0
"ĞŸÑ€Ğ¸Ğ»Ğ¾Ğ¶ĞµĞ½Ğ¸Ğµ Ğ´Ğ»Ñ iPad Ğ° ĞŸÑ€Ğ¸Ğ»Ğ¾Ğ¶ĞµĞ½Ğ¸Ğµ Ğ¿Ñ€Ğ¾ÑÑ‚Ğ¾ ÑÑƒĞ¿ĞµÑ€, Ğ¸ ÑƒĞ´Ğ¾Ğ±Ğ½Ğ¾ Ğ¸ Ğ»ĞµĞ³ĞºĞ¾. Ğ¢Ğ¾Ğ»ÑŒĞºĞ¾ Ğ²Ğ¾Ñ‚ ĞµÑĞ»Ğ¸ Ğ±Ñ‹ Ğ² ĞºĞ°Ñ€Ñ‚Ğ° Ğ² Ğ½ĞµĞºĞ¾Ñ‚Ğ¾Ñ€Ñ‹Ñ… ÑÑ‚Ñ€Ğ°Ğ½Ğ°Ñ… Ğ±Ñ‹Ğ»Ğ° Ğ½Ğ° Ğ°Ğ½Ğ³Ğ»Ğ¸Ğ¹ÑĞºĞ¾Ğ¼ Ñ‚Ğ¾ Ğ±Ñ‹Ğ»Ğ¾ Ğ±Ñ‹ ÑÑƒĞ¿ĞµÑ€. Ğ˜ ĞµÑ‰Ğµ Ğ¿Ñ€Ğ¾Ğ²ĞµĞ´ĞµĞ½Ğ¸Ğµ Ğ¼Ğ°Ñ€ÑˆÑ€ÑƒÑ‚Ğ° Ñ‡Ñ‚Ğ¾ Ñ‚Ğ¾ Ğ½Ğµ Ñ€Ğ°Ğ±Ğ¾Ñ‚Ğ°ĞµÑ‚, Ğ° Ñ‚Ğ°Ğº Ğ²ÑĞµ ÑÑƒĞ¿ĞµÑ€.",0
"Location services to be avoided Why the app requires location services during startup?

Please avoid this bug by removing location services requirement",1
LiveVideo ĞŸĞ¾Ñ‡ĞµĞ¼Ñƒ Ñ€Ğ°Ğ·Ğ´ĞµĞ» LiveVideo Ğ¾Ñ‚ÑÑƒÑ‚ÑĞ²ÑƒĞµÑ‚? ĞĞ° Ğ¾ÑÑ‚Ğ°Ğ»ÑŒĞ½Ñ‹Ñ… Ğ¼Ğ¾Ğ´ĞµĞ»ÑÑ… ĞµÑÑ‚ÑŒ Ğ° Ñ‚ÑƒÑ‚ Ğ½ĞµÑ‚. iPhone 6s,1
Location why you want my location?!,1
Prablem Salam niye iphonede Turk dilnde olmr bu praqramm oda olsa super olar,1
TÃ¼rkÃ§eğŸ™ TÃ¼rkÃ§e ğŸ™,0
ĞŸÑ€Ğ¾Ğ±Ğ»ĞµĞ¼Ñ‹ Ñ Ğ²Ñ‹Ğ²Ğ¾Ğ´Ğ¾Ğ¼ Ğ´ĞµĞ½ĞµĞ³ ĞĞµ ÑĞ¾Ğ²ĞµÑ‚ÑƒÑ Ğ¸Ğ³Ñ€Ğ°Ñ‚ÑŒ Ñ 1xbet Ñ‚Ğ°Ğº ĞºĞ°Ğº Ğ¾Ğ½Ğ¸ Ğ¿Ñ€Ğ¾ÑÑ‚Ğ¾ Ğ½Ğµ Ğ²Ñ‹Ğ´Ğ°ÑÑ‚ Ğ²Ğ°Ñˆ Ğ²Ñ‹Ğ¹Ğ³Ñ€Ñ‹Ñˆ!!!!!! Ğ¡Ğ»ÑƒĞ¶Ğ±Ğ° Ğ¿Ğ¾Ğ´ĞµÑ€Ğ¶ĞºĞ¸ Ğ²Ğ¾Ğ¾Ğ±ÑˆĞµ Ğ½Ğ° Ğ²Ğ°Ñ Ğ¿Ğ»ĞµĞ²Ğ°Ñ‚ÑŒ Ñ…Ğ¾Ñ‚ĞµĞ»Ğ¾. ĞšĞ¾Ğ³Ğ´Ğ° Ğ¿Ñ€Ğ¸Ğ²Ğ¾Ğ´Ğ¸Ñˆ Ğ¾Ğ±Ğ¾ÑĞ½Ğ¾Ğ²Ğ°Ğ½Ğ½Ñ‹Ğµ Ğ´Ğ¾Ğ²Ğ¾Ğ´Ñ‹ Ñ‚Ğ¾ Ğ¾Ğ½Ğ¸ Ğ¿Ñ€Ğ¾ÑÑ‚Ğ¾ Ğ½Ğµ Ğ¾Ñ‚Ğ²ĞµÑ‡Ğ°ÑÑ‚!! ĞšĞ¸Ğ´Ğ°Ğ»Ğ¾Ğ²Ğ¾!!!!!!,1
"Auto sale+ Why not """"""""Auto Sale"""""""" for iphone 5?",1
TÃ¼rkÃ§e dil desteÄŸi! KeÅŸke uygulamada da TÃ¼rkÃ§e dil olsa.Ã‡ok iyi olurdu o zaman!!! LÃ¼tfen dÃ¼zenleyin!!!!!,1
